"Which,odd,won","Lowest,2,values"
2.2,"2.2,2.87"
1.9,"1.9,2.9"
3.75,"1.4,3.75"
1.16,"1.16,5.5"
1.25,"1.25,5"
1.9,"1.9,3.1"
2.87,"2.4,2.87"
2,"2,3"
2.2,"2.2,3"
1.57,"1.57,3.25"
1.2,"1.2,5"
3.5,"2,3"
3,"2.25,3"
2.2,"2.2,2.87"
1.5,"1.5,3.75"
3.2,"1.72,3.2"
2.87,"2.5,2.75"
4.33,"1.83,3"
1.53,"1.53,3.5"
2.75,"2.5,2.75"
1.22,"1.22,5.5"
1.8,"1.8,3.1"
2.9,"2.1,2.9"
2.2,"2.2,3"
1.16,"1.16,6.5"
1.61,"1.61,3.4"
3,"2.2,3"
3.25,"2.37,2.87"
4.5,"1.83,3.2"
2.6,"2.6,2.6"
2.9,"2.3,2.9"
1.72,"1.72,3.1"
2.3,"2.3,2.9"
2.1,"2.1,3"
2.87,"2.2,2.87"
1.4,"1.4,4"
1.44,"1.44,3.8"
1.57,"1.57,3.6"
2,"2,3"
2,"2,3"
1.61,"1.61,3.4"
3.5,"2.2,3"
3.2,"2,3.2"
2,"2,3.2"
1.61,"1.61,3.4"
2.6,"2.6,2.9"
1.72,"1.72,3.1"
6,"1.66,3.2"
2.2,"2.2,3"
1.36,"1.36,4.33"
3.5,"1.53,3.5"
1.9,"1.9,3.1"
2.5,"2.5,2.87"
1.66,"1.66,3.4"
2.2,"2.2,2.87"
2.1,"2.1,3"
2.75,"2.75,2.75"
1.2,"1.2,5.5"
3.5,"1.53,3.5"
7,"1.53,3.5"
1.16,"1.16,5.5"
2.6,"2.6,2.75"
3.2,"2.2,2.87"
1.53,"1.53,3.5"
3.2,"2.25,2.8"
1.25,"1.25,5"
2.5,"2.5,2.75"
3.2,"1.72,3.2"
3.2,"1.66,3.2"
2.1,"2.1,2.8"
1.5,"1.5,3.6"
3,"1.9,3"
1.8,"1.8,3.1"
1.5,"1.5,3.75"
1.9,"1.9,3.1"
1.4,"1.4,4"
2.87,"2.4,2.87"
3.4,"1.66,3.4"
3.4,"2.37,2.75"
2.1,"2.1,3"
3,"2.2,3"
2.75,"2.37,2.75"
1.57,"1.57,3.5"
6,"1.61,3.4"
1.4,"1.4,4"
3,"2,3"
1.57,"1.57,3.5"
3,"2,3"
5,"1.72,3.3"
2.4,"2.4,3"
2.37,"2.37,2.75"
3,"2.25,3"
3,"1.83,3"
1.36,"1.36,4"
3.5,"2,3"
1.72,"1.72,3.25"
2.6,"2.6,2.6"
1.44,"1.44,3.75"
2.8,"2.4,2.8"
3,"2,3"
2,"2,2.75"
3.1,"2.1,3.1"
2,"2,3"
3,"1.9,3"
1.25,"1.25,4.5"
2.2,"2.2,3.2"
1.36,"1.36,4.33"
3.5,"2.2,3"
1.8,"1.8,3.25"
3.2,"2.25,2.8"
2.37,"2.37,2.75"
1.57,"1.57,3.4"
3.2,"1.61,3.2"
2.8,"2.4,2.8"
1.28,"1.28,4.33"
2.37,"2.37,2.87"
1.83,"1.83,3"
1.9,"1.9,2.9"
1.9,"1.9,2.9"
2.8,"2.1,2.8"
2.87,"2.25,2.87"
1.2,"1.2,6"
3,"2.5,2.87"
3.1,"2.37,3"
3.4,"2.3,2.87"
1.14,"1.14,6.5"
1.72,"1.72,3.3"
2.75,"2.62,2.75"
3.1,"2.37,3"
3.1,"2,3.1"
5,"1.72,3"
1.2,"1.2,4.5"
2.3,"2.3,2.87"
1.8,"1.8,3"
3,"2.1,3"
3.25,"1.61,3.25"
1.9,"1.9,3"
1.66,"1.66,3.2"
2.75,"2.4,2.75"
4.33,"1.8,3"
1.28,"1.28,5"
2.1,"2.1,3"
3,"2.3,3"
2.75,"2.75,2.75"
1.16,"1.16,6"
2.1,"2.1,3"
2.6,"2.6,2.87"
3.1,"2.3,3.1"
4.33,"1.9,3.1"
5.5,"1.66,3.4"
3.2,"1.66,3.2"
2.5,"2.5,2.9"
1.83,"1.83,3"
2.3,"2.3,3"
3.1,"2,3.1"
1.2,"1.2,5.8"
4.33,"1.95,3"
1.61,"1.61,3.4"
3,"2.3,3"
3.1,"2,3.1"
2.1,"2.1,2.8"
1.72,"1.72,3.1"
1.14,"1.14,6"
1.16,"1.16,6"
3.1,"2.6,2.7"
1.9,"1.9,3.1"
3,"2,3"
2,"2,3"
1.9,"1.9,3.1"
2.4,"2.4,3"
1.66,"1.66,3.4"
3.2,"2,3.2"
2.62,"2.62,2.75"
1.72,"1.72,3.2"
4,"2.05,3"
1.57,"1.57,3.5"
1.18,"1.18,6"
4,"2,3.1"
3.5,"1.53,3.5"
1.9,"1.9,3.2"
2.7,"2.6,2.7"
3,"2.6,2.8"
2.1,"2.1,3"
1.8,"1.8,3.2"
1.2,"1.2,5.5"
1.16,"1.16,6"
3.3,"1.72,3.3"
3,"2.4,3"
4,"2,3"
3.4,"1.61,3.4"
2.1,"2.1,2.8"
3.2,"1.66,3.2"
2.9,"2.4,2.8"
2.87,"2.6,2.6"
2.87,"2.5,2.75"
1.16,"1.16,5.5"
1.72,"1.72,3.2"
1.44,"1.44,3.6"
2.37,"2.37,2.87"
1.4,"1.4,3.2"
1.36,"1.36,4.33"
3.4,"1.61,3.4"
1.83,"1.83,3.1"
1.44,"1.44,4"
1.14,"1.14,6.5"
3.4,"1.57,3.4"
2.5,"2.5,2.87"
2.75,"2.75,2.75"
1.57,"1.57,3.4"
2.75,"2.75,2.75"
3.75,"1.36,3.75"
5,"1.66,3.2"
1.44,"1.44,3.6"
1.72,"1.72,3"
3.25,"2.1,3"
1.4,"1.4,3.75"
2,"2,3"
1.61,"1.61,3.4"
2.6,"2.6,2.6"
3,"2.3,2.87"
2.1,"2.1,3.1"
3,"1.9,3"
1.8,"1.8,3.2"
1.3,"1.3,4.5"
1.33,"1.33,4.33"
1.25,"1.25,5"
3.1,"2.1,3.1"
3,"1.83,3"
2.87,"2.5,2.87"
4,"1.44,4"
2.87,"2.4,2.87"
3,"2.3,3"
3,"2.4,3"
6.5,"1.16,6.5"
3.75,"2.1,3"
3,"2.1,3"
1.16,"1.16,6"
2.2,"2.2,2.87"
1.4,"1.4,4.33"
5.5,"1.72,3.1"
3,"1.9,3"
2.5,"2.5,2.87"
3.4,"1.61,3.4"
2.6,"2.6,2.87"
3.2,"2.5,2.75"
2.87,"2.5,2.87"
3,"1.9,3"
1.66,"1.66,3.2"
1.72,"1.72,3.1"
2.1,"2.1,3"
3.2,"1.9,3.2"
3.4,"1.57,3.4"
1.22,"1.22,5.5"
2.87,"2.2,2.87"
6,"1.66,3.2"
3,"2.37,3"
1.33,"1.33,4.5"
6,"1.66,3.2"
2.87,"2.6,2.87"
4.75,"1.83,3.1"
2.5,"2.5,2.87"
2.87,"2.5,2.87"
2.1,"2.1,2.8"
2.87,"2.4,2.87"
3,"1.83,3"
1.36,"1.36,4.33"
1.16,"1.16,6.5"
2.87,"2.6,2.87"
2.1,"2.1,2.8"
2.6,"2.6,2.87"
1.2,"1.2,5.5"
2,"2,3"
2.87,"2.3,2.87"
1.53,"1.53,3.75"
3.1,"2.4,3"
5.5,"1.72,3.2"
3.6,"2.2,2.9"
3,"2.6,2.8"
2.9,"2.5,2.9"
3.2,"1.8,3.2"
1.44,"1.44,4"
1.66,"1.66,3.2"
4,"2,3"
2.75,"2.75,2.75"
2.75,"2.3,2.75"
1.66,"1.66,3.2"
1.9,"1.9,3"
1.9,"1.9,3"
2.3,"2.3,2.87"
1.83,"1.83,3"
2.3,"2.3,3"
2,"2,2.87"
1.44,"1.44,3.75"
1.5,"1.5,3.6"
3,"2.4,3"
4,"2,3"
1.5,"1.5,3.6"
4,"2,3"
1.66,"1.66,3.4"
2.3,"2.3,2.87"
2.75,"2.37,2.75"
4.5,"1.9,3"
2.4,"2.4,2.87"
3.1,"1.72,3.1"
1.9,"1.9,3"
2.87,"2.3,2.87"
1.61,"1.61,3.4"
1.33,"1.33,4.5"
4.75,"1.83,3.1"
5.5,"1.57,3.4"
1.33,"1.33,4.5"
6.5,"1.53,3.6"
4.33,"1.4,4.33"
2,"2,2.87"
3,"2.3,3"
3.4,"1.61,3.4"
3.4,"1.66,3.4"
2.25,"2.25,2.3"
2.8,"2.1,2.8"
1.83,"1.83,3.1"
1.8,"1.8,3.2"
3.2,"2.62,2.62"
2.8,"2.25,2.8"
2.4,"2.4,2.7"
3.3,"1.72,3.3"
1.25,"1.25,4.75"
1.33,"1.33,4.5"
0,"0,0"
1.33,"1.33,4.5"
3.2,"2.2,2.8"
2.4,"2.4,3"
2.87,"2,2.87"
1.9,"1.9,3.25"
0,"0,0"
1.57,"1.57,3.5"
2.25,"2.25,3.1"
3.1,"2.3,3.1"
1.9,"1.9,2.8"
5.5,"1.9,2.5"
1.28,"1.28,5"
2.1,"2.1,2.5"
1.25,"1.25,5"
1.25,"1.25,5"
3.4,"1.61,3.4"
3.4,"1.61,3.4"
3,"2.25,3"
1.9,"1.9,3.25"
2.1,"2.1,2.4"
4.5,"1.33,4.5"
2,"2,2.4"
1.44,"1.44,4"
3.2,"2.2,3.2"
5,"1.72,3.3"
1.2,"1.2,5.5"
1.2,"1.2,5.5"
3.75,"2,3.2"
1.9,"1.9,3.25"
1.66,"1.66,3.1"
1.4,"1.4,4"
2.2,"2.2,2.5"
3,"2.5,2.87"
1.12,"1.12,7"
4,"1.4,4"
1.14,"1.14,6.5"
3.1,"1.72,3.1"
2.4,"2.4,2.4"
3.4,"2.37,2.75"
1.3,"1.3,5"
1.1,"1.1,8"
1.72,"1.72,3"
2.87,"2.6,2.62"
1.44,"1.44,3.25"
5,"1.8,2.7"
1.8,"1.8,2.7"
1.61,"1.61,3.6"
1.36,"1.36,3.8"
1.18,"1.18,5"
7,"1.57,2.87"
2.25,"2.25,2.3"
3.8,"2.3,2.4"
1.8,"1.8,3.4"
2.8,"2.2,2.8"
3.5,"1.9,3.25"
2.8,"2.2,2.8"
2.75,"2.25,2.75"
3.6,"1.57,3.6"
3.6,"1.83,3.4"
3.6,"1.83,3.4"
1.83,"1.83,3.4"
3.25,"2.25,2.75"
2.5,"2.5,2.5"
3.25,"2.25,2.75"
3.5,"1.8,3.5"
2.37,"2.37,2.6"
1.61,"1.61,3.4"
1.9,"1.9,3.4"
3.6,"1.61,3.6"
2.75,"2.25,2.75"
2.8,"2.2,2.8"
3.25,"2.1,3"
2.1,"2.1,3"
4.2,"1.72,3.4"
2.1,"2.1,3"
0,"0,0"
2.62,"2.37,2.62"
1.72,"1.72,3.4"
1.6,"1.6,3.5"
2.62,"2.37,2.62"
3,"2.1,3"
3.25,"2,3.25"
1.61,"1.61,3.5"
2.62,"2.37,2.62"
2,"2,3.25"
0,"0,0"
1.83,"1.83,3.25"
3.2,"2.37,2.62"
2,"2,3.25"
3.25,"1.8,3.25"
2.1,"2.1,3"
2.7,"2.3,2.7"
3.1,"2.1,3.1"
2.75,"2.25,2.75"
1.61,"1.61,3.4"
2.5,"2.5,2.5"
3.25,"2.2,2.8"
1.5,"1.5,3.5"
2.62,"2.37,2.62"
3,"2.1,3"
4.2,"1.72,3.4"
1.9,"1.9,3.25"
0,"0,0"
1.9,"1.9,3.25"
3.25,"2.2,2.8"
2.2,"2.2,2.8"
2.8,"2.2,2.8"
1.83,"1.83,3.25"
2.62,"2.37,2.62"
3.4,"1.57,3.4"
3.2,"2.5,2.5"
2.3,"2.3,2.7"
2.4,"2.4,2.5"
2.75,"2.2,2.75"
5,"1.57,3.5"
3.2,"2.3,2.7"
1.36,"1.36,3.75"
3.4,"1.8,3.4"
2,"2,3"
3.5,"1.9,3.25"
2.25,"2.25,2.75"
3.25,"2.25,2.75"
2.7,"2.25,2.7"
2.75,"2.25,2.75"
3.25,"2.25,2.75"
2.75,"2.25,2.75"
3.25,"2.1,3"
3.25,"2.25,2.75"
1.57,"1.57,3.5"
3.25,"2,3.25"
3.6,"1.8,3.4"
2.37,"2.37,2.62"
3.25,"2,3.25"
1.8,"1.8,3.4"
1.8,"1.8,3.3"
3.25,"2.1,3"
2,"2,3.25"
2.37,"2.37,2.62"
3.25,"2.2,2.8"
1.72,"1.72,3.4"
2.75,"2.25,2.75"
1.61,"1.61,3.4"
2.8,"2.2,2.8"
3.3,"2.3,2.62"
2.5,"2.5,2.5"
1.5,"1.5,3.5"
3.5,"1.9,3.25"
5.5,"1.57,3.4"
2.62,"2.37,2.62"
2.75,"2.25,2.75"
2.1,"2.1,3"
3.25,"2.25,2.75"
3.25,"1.83,3.25"
2.3,"2.3,2.7"
2.62,"2.37,2.62"
3.2,"2.5,2.5"
3.25,"1.83,3.25"
1.83,"1.83,3.25"
1.66,"1.66,3.4"
1.8,"1.8,3.3"
1.72,"1.72,3.3"
1.66,"1.66,3.4"
3.2,"2.1,3.1"
4,"1.8,3.3"
2.37,"2.37,2.62"
2,"2,3.25"
3.4,"1.61,3.4"
2.25,"2.25,2.75"
3.25,"1.9,3.25"
2.37,"2.37,2.62"
2.87,"2.2,2.87"
2.5,"2.37,2.5"
2.2,"2.2,2.7"
1.9,"1.9,3.4"
2,"2,3.1"
2.1,"2.1,2.87"
3.4,"1.85,3.4"
3.75,"1.66,3.75"
3.75,"1.72,3.75"
2.5,"2.5,2.5"
1.75,"1.75,3.4"
2.25,"2.25,2.62"
3.8,"1.57,3.8"
2.87,"2.2,2.87"
3.4,"1.55,3.4"
2.15,"2.15,3"
3.2,"2.25,2.75"
4,"1.75,3.4"
3.4,"1.95,3.25"
2.62,"2.4,2.62"
1.65,"1.65,3.4"
3,"2.1,3"
2.3,"2.3,2.75"
1.9,"1.9,3.25"
2.62,"2.3,2.62"
1.57,"1.57,3.4"
3.4,"1.5,3.4"
1.6,"1.6,3.4"
3.25,"1.8,3.25"
3.25,"2,3.2"
1.83,"1.83,3.3"
1.95,"1.95,3.25"
2.25,"2.25,2.8"
4.75,"1.28,4.75"
3.25,"2.15,3"
2.1,"2.1,3.25"
2.1,"2.1,3.2"
2.05,"2.05,3.25"
1.55,"1.55,3.4"
3.3,"2.45,2.5"
3.25,"2.15,2.87"
2,"2,3.2"
3.2,"2.45,2.6"
2.4,"2.4,2.45"
1.53,"1.53,3.4"
1.83,"1.83,3.25"
2,"2,3.2"
3,"2.15,3"
3.25,"2.05,3.2"
3.25,"2.15,2.9"
2.2,"2.2,3.2"
2.3,"2.3,2.8"
2.7,"2.37,2.7"
1.4,"1.4,3.75"
3.75,"1.5,3.75"
2.8,"2.2,2.8"
4.33,"1.66,3.5"
3.5,"1.83,3.5"
3.6,"1.83,3.4"
2.1,"2.1,3.1"
3.2,"1.95,3.2"
4.33,"1.61,3.75"
1.72,"1.72,3.4"
3.5,"1.9,3.25"
3,"2.1,3"
3.6,"1.57,3.6"
1.8,"1.8,3.25"
3.25,"2.25,2.75"
2.25,"2.25,2.75"
4.5,"1.28,4.5"
2.8,"2.2,2.8"
2.5,"2.5,2.5"
2.5,"2.5,2.5"
1.5,"1.5,3.5"
1.8,"1.8,3.25"
3.25,"2,3.25"
1.8,"1.8,3.25"
6,"1.5,3.5"
4.5,"1.66,3.4"
2.37,"2.37,2.62"
2,"2,3.25"
2.75,"2.25,2.75"
2.37,"2.37,2.62"
4,"1.8,3.25"
3.2,"2.37,2.62"
3.4,"1.61,3.4"
1.95,"1.95,3.25"
1.83,"1.83,3.25"
3.4,"1.61,3.4"
3.25,"1.9,3.25"
2.1,"2.1,3"
2.25,"2.25,2.62"
1.5,"1.5,4"
2.15,"2.15,2.9"
2.3,"2.3,2.7"
2.7,"2.3,2.7"
2.8,"2.2,2.8"
1.6,"1.6,3.4"
2.5,"2.5,2.5"
3.25,"1.83,3.25"
3.4,"1.66,3.4"
3.2,"2.2,2.9"
2.5,"2.5,2.5"
1.8,"1.8,3.25"
3.4,"1.72,3.4"
2.3,"2.3,2.62"
3.2,"2,3.2"
2.2,"2.2,2.9"
2.3,"2.3,2.62"
2.4,"2.4,2.6"
2.4,"2.4,2.6"
3.25,"2,3.2"
2.2,"2.2,2.8"
3.4,"1.72,3.4"
2.8,"2.2,2.8"
3.4,"1.61,3.4"
2.62,"2.37,2.62"
1.33,"1.33,4.33"
2.6,"2.4,2.6"
2.7,"2.3,2.7"
3.4,"1.66,3.4"
2.37,"2.37,2.62"
2.62,"2.37,2.62"
2.25,"2.25,3.1"
2.5,"2.5,2.5"
3.75,"1.85,3.25"
4,"1.36,4"
2.5,"2.5,2.5"
4.5,"1.66,3.4"
2.2,"2.2,2.87"
3.25,"2.1,3"
2,"2,3.1"
3.8,"1.75,3.4"
1.75,"1.75,3.4"
2.4,"2.4,2.6"
3.75,"1.83,3.25"
3.3,"2.2,2.75"
1.65,"1.65,3.4"
1.72,"1.72,3.4"
1.66,"1.66,3.5"
2.4,"2.4,2.6"
4.2,"1.72,3.4"
1.9,"1.9,3.4"
3.8,"1.8,3.4"
1.9,"1.9,3.25"
1.66,"1.66,3.4"
2.2,"2.2,2.8"
3.5,"1.9,3.25"
3.4,"1.66,3.4"
1.83,"1.83,3.25"
3.75,"1.44,3.75"
2.2,"2.2,2.8"
2.37,"2.37,2.62"
3,"2.1,3"
2.2,"2.2,2.8"
1.9,"1.9,3.25"
4.2,"1.72,3.4"
3.25,"1.9,3.25"
2.4,"2.4,2.5"
1.57,"1.57,3.5"
1.57,"1.57,3.5"
3.75,"1.44,3.75"
2.5,"2.4,2.5"
2.5,"2.5,2.5"
2.1,"2.1,3"
3.6,"1.83,3.25"
3.5,"1.66,3.5"
3.4,"2.4,2.5"
2.6,"2.4,2.6"
2.8,"2.25,2.8"
3.4,"1.72,3.4"
1.9,"1.9,3.25"
3.3,"2,3.25"
1.9,"1.9,3.4"
3.25,"1.8,3.25"
1.9,"1.9,3.4"
4,"1.8,3.25"
3,"2.25,3"
1.9,"1.9,3.4"
1.57,"1.57,3.6"
3.5,"1.72,3.5"
2.6,"2.4,2.6"
2.75,"2.25,2.75"
1.72,"1.72,3.5"
3.75,"1.83,3.25"
2.75,"2.25,2.75"
1.57,"1.57,3.4"
1.72,"1.72,3.25"
3,"2.1,3"
1.9,"1.9,3.25"
3.25,"2.25,2.75"
2.4,"2.4,2.6"
3.2,"2.4,2.6"
3,"2.1,3"
2.3,"2.3,2.7"
1.61,"1.61,3.4"
1.83,"1.83,3.25"
3.2,"2.37,2.62"
1.66,"1.66,3.4"
2.37,"2.37,2.62"
2.25,"2.25,2.75"
3.2,"2.5,2.5"
1.72,"1.72,3.4"
3.5,"1.53,3.5"
1.9,"1.9,3.25"
6.5,"1.44,3.75"
2.7,"2.3,2.7"
2.37,"2.37,2.62"
2.2,"2.2,2.87"
2.5,"2.5,2.5"
1.66,"1.66,3.5"
3.25,"2.2,2.8"
2.75,"2.25,2.75"
2.25,"2.25,2.75"
2.25,"2.25,2.75"
2.5,"2.5,2.5"
3.25,"2,3.25"
3.5,"1.66,3.5"
6,"1.57,3.6"
1.9,"1.9,3.25"
3.5,"1.5,3.5"
2.2,"2.2,2.8"
2.25,"2.25,2.8"
3.25,"2.2,2.8"
6.5,"1.44,3.75"
1.83,"1.83,3.25"
3.2,"2.37,2.7"
2.3,"2.3,2.75"
2.3,"2.3,2.7"
4.5,"1.72,3.25"
1.7,"1.7,3.3"
2.7,"2.37,2.7"
2.25,"2.25,2.7"
3.2,"2.37,2.62"
1.9,"1.9,3.3"
3.3,"2,3.1"
3,"2,3"
2.6,"2.45,2.6"
3.4,"1.66,3.4"
2.05,"2.05,3.1"
3,"2.1,3"
3.3,"1.72,3.3"
2.3,"2.3,2.7"
1.95,"1.95,3.25"
1.7,"1.7,3.4"
2.8,"2.25,2.8"
2.6,"2.4,2.6"
4.33,"1.7,3.4"
1.53,"1.53,3.5"
1.61,"1.61,3.4"
3.25,"1.8,3.25"
1.72,"1.72,3.3"
2.3,"2.3,2.6"
3.3,"1.9,3.3"
2.1,"2.1,3"
3.4,"2.4,2.5"
3.25,"2.2,2.8"
3.25,"1.83,3.25"
1.72,"1.72,3.25"
1.83,"1.83,3.25"
2.5,"2.5,2.5"
2.8,"2.2,2.8"
2,"2,3.25"
3.25,"2.2,2.87"
2.1,"2.1,3"
3,"2.1,3"
1.57,"1.57,3.4"
3,"2,3"
3.4,"2,3.1"
2.7,"2.2,2.7"
1.44,"1.44,3.75"
4,"1.8,3.25"
2.1,"2.1,3.1"
2.37,"2.37,2.6"
1.72,"1.72,3.5"
3.1,"2.1,3.1"
3.2,"2.15,3"
3.5,"1.66,3.5"
2.3,"2.3,2.7"
2.37,"2.37,2.62"
4,"1.36,4"
1.61,"1.61,3.4"
5.5,"1.53,3.5"
1.9,"1.9,3.25"
3.25,"2.25,2.75"
1.83,"1.83,3.25"
2.62,"2.37,2.62"
2.37,"2.37,2.62"
1.61,"1.61,3.4"
2.55,"2.4,2.55"
1.83,"1.83,3.4"
2.5,"2.5,2.5"
1.72,"1.72,3.4"
6,"1.5,3.5"
3.2,"2.1,3.1"
3.25,"2,3.25"
3.5,"1.9,3.25"
1.8,"1.8,3.4"
3.2,"1.95,3.2"
2.15,"2.15,2.75"
1.95,"1.95,3.2"
3.4,"2.05,2.9"
5.25,"1.5,3.8"
4.2,"1.66,3.5"
1.65,"1.65,3.5"
2.9,"2.1,2.9"
1.45,"1.45,3.75"
2.4,"2.4,2.5"
2.1,"2.1,3"
3.5,"1.72,3.5"
3.75,"1.44,3.75"
2.1,"2.1,3"
3.25,"2,3.25"
2.87,"2.1,2.87"
2.1,"2.1,3"
3.4,"1.9,3.4"
3.75,"1.44,3.75"
2.1,"2.1,3"
1.8,"1.8,3.25"
1.8,"1.8,3.25"
2.62,"2.37,2.62"
3.2,"2.5,2.5"
3.25,"2,3.25"
3.25,"2.25,2.75"
3.25,"1.9,3.25"
3.25,"2.1,3"
2.25,"2.25,2.75"
3.25,"2.25,2.75"
3.2,"2.37,2.62"
2.1,"2.1,3"
5,"1.57,3.5"
1.9,"1.9,3.25"
3.4,"1.72,3.4"
3.25,"2,3.25"
3.2,"2.4,2.6"
1.9,"1.9,3.25"
3,"2.1,3"
3.25,"2,3.25"
2.5,"2.5,2.5"
2.3,"2.3,2.7"
3.2,"2.3,2.7"
1.66,"1.66,3.4"
3.2,"2.37,2.62"
2.5,"2.5,2.5"
3.75,"1.83,3.25"
1.66,"1.66,3.4"
2.4,"2.4,2.6"
2.3,"2.3,2.62"
2.6,"2.4,2.6"
2.75,"2.25,2.75"
2.2,"2.2,2.8"
4.2,"1.72,3.4"
1.6,"1.6,3.5"
3.25,"1.83,3.25"
2.37,"2.37,2.62"
1.8,"1.8,3.4"
4.2,"1.72,3.4"
2.4,"2.4,2.5"
3.2,"2.15,3"
1.8,"1.8,3.3"
1.7,"1.7,3.5"
1.83,"1.83,3.4"
3.75,"1.83,3.25"
2.75,"2.2,2.75"
2.8,"2.2,2.8"
1.44,"1.44,3.75"
1.57,"1.57,3.6"
3.4,"1.72,3.4"
2.1,"2.1,3"
2.8,"2.2,2.8"
4.2,"1.72,3.4"
2.5,"2.37,2.5"
2.75,"2.25,2.75"
3.25,"2.25,2.75"
3.4,"2.3,2.6"
2,"2,3.25"
1.72,"1.72,3.5"
2.5,"2.5,2.5"
2.5,"2.3,2.5"
2.5,"2.5,2.5"
3.4,"2.37,2.5"
2.1,"2.1,3"
3.25,"2,3.25"
1.57,"1.57,3.6"
1.5,"1.5,3.75"
2.87,"2.1,2.87"
3.5,"1.72,3.5"
1.61,"1.61,3.75"
2.62,"2.2,2.62"
1.66,"1.66,3.4"
1.72,"1.72,3.5"
1.66,"1.66,3.5"
4.33,"1.66,3.5"
2.25,"2.25,2.75"
2.1,"2.1,3"
3,"2.1,3"
1.61,"1.61,3.6"
3.25,"2.1,3"
1.72,"1.72,3.3"
3.6,"1.83,3.4"
3.25,"2.1,3"
1.7,"1.7,3.4"
3.25,"2.2,2.8"
2,"2,3.25"
1.7,"1.7,3.4"
1.53,"1.53,3.5"
2.75,"2.25,2.75"
2.1,"2.1,3"
1.5,"1.5,3.75"
3.4,"2,3.1"
2.37,"2.37,2.62"
2.25,"2.25,2.75"
1.61,"1.61,3.5"
2.2,"2.2,2.87"
2.37,"2.37,2.6"
3.2,"2.4,2.6"
2.25,"2.25,2.75"
3.5,"2.25,2.62"
1.73,"1.73,3.5"
1.8,"1.8,3.5"
1.95,"1.95,3.25"
3.25,"1.95,3.1"
3.5,"1.66,3.5"
7.5,"1.4,3.75"
1.8,"1.8,3.2"
3.25,"2,3.25"
2.1,"2.1,3"
1.36,"1.36,4"
2.1,"2.1,2.75"
1.66,"1.66,3.4"
2.5,"2.37,2.5"
3.6,"1.83,3.4"
1.9,"1.9,3.25"
1.9,"1.9,3.25"
2.4,"2.4,2.6"
3.1,"2,3.1"
3.25,"2.2,2.8"
1.83,"1.83,3.25"
2.3,"2.3,2.7"
3.2,"2.37,2.62"
3.5,"1.9,3.25"
1.57,"1.57,3.6"
2.2,"2.2,2.8"
3.3,"2.3,2.62"
3.75,"1.83,3.25"
3.4,"1.8,3.4"
2.25,"2.25,2.8"
1.66,"1.66,3.5"
2,"2,3.1"
3.4,"1.8,3.4"
3.25,"2,3.25"
1.55,"1.55,3.6"
2.37,"2.37,2.7"
2.3,"2.3,2.7"
1.53,"1.53,3.75"
2.7,"2.3,2.7"
3.2,"2.05,3.2"
2.8,"2.37,2.8"
1.8,"1.8,3.4"
1.9,"1.9,3.25"
2.1,"2.1,3"
3.25,"2,3.25"
2.3,"2.3,2.62"
3.5,"1.9,3.25"
2.2,"2.2,2.75"
2.6,"2.4,2.6"
1.66,"1.66,3.4"
2.5,"2.37,2.5"
3.2,"2,3.2"
1.8,"1.8,3.4"
2.75,"2.45,2.75"
2.45,"2.45,2.55"
2.55,"2.45,2.55"
3.8,"1.83,3.3"
2.45,"2.45,2.55"
1.9,"1.9,3.3"
2.15,"2.15,3"
1.85,"1.85,3.25"
3.3,"2.4,2.5"
1.44,"1.44,3.75"
1.72,"1.72,3.4"
3.4,"2.4,2.5"
3.6,"1.83,3.4"
1.53,"1.53,3.75"
3.3,"1.83,3.3"
3.75,"1.53,3.75"
3.25,"2.2,2.8"
4,"1.72,3.5"
1.9,"1.9,3.3"
2.5,"2.5,2.5"
3.25,"2,3.25"
2,"2,3.25"
3.25,"2.25,2.75"
3.4,"2.1,3.2"
3.4,"2.1,3.25"
3.25,"2.5,2.5"
2.25,"2.25,2.8"
3.25,"2.25,2.8"
2.5,"2.5,2.5"
2.5,"2.5,2.5"
2.2,"2.2,3"
2.4,"2.4,2.62"
2.5,"2.5,2.5"
3.5,"1.57,3.5"
1.4,"1.4,4"
3.25,"2.25,2.8"
2,"2,3.25"
1.75,"1.75,3.4"
3.8,"1.8,3.25"
3.2,"2.25,2.8"
3,"2.1,3"
2.2,"2.2,2.8"
3.5,"1.95,3.5"
3.25,"1.95,3.25"
1.53,"1.53,3.5"
3.25,"2,3.2"
3.5,"1.61,3.5"
2.38,"2.38,2.88"
1.55,"1.55,3.5"
1.95,"1.95,3.25"
1.66,"1.66,3.4"
3.25,"1.95,3.25"
3.25,"2,3.25"
3.6,"1.85,3.3"
2,"2,3.3"
3.2,"2.3,2.75"
2.15,"2.15,3"
2.6,"2.6,2.62"
1.33,"1.33,4.33"
3.2,"2.3,2.7"
2,"2,3.25"
3.75,"1.83,3.25"
1.57,"1.57,3.4"
1.83,"1.83,3.25"
2.37,"2.37,2.62"
2.4,"2.4,2.6"
2.37,"2.37,2.62"
2.5,"2.5,2.5"
3.75,"1.8,3.4"
3.2,"2.5,2.5"
2.37,"2.37,2.62"
1.72,"1.72,3.4"
2.25,"2.25,2.75"
1.7,"1.7,3.4"
1.95,"1.95,3.3"
3.5,"1.72,3.5"
1.75,"1.75,3.5"
3.4,"1.8,3.4"
1.53,"1.53,3.6"
1.95,"1.95,3.25"
1.4,"1.4,3.75"
1.55,"1.55,3.6"
1.28,"1.28,4.2"
3,"2.1,3"
3.6,"2.1,3.2"
1.45,"1.45,3.6"
2.05,"2.05,3.2"
1.61,"1.61,3.6"
1.9,"1.9,3.25"
3.4,"1.8,3.4"
3.6,"1.85,3.2"
3.3,"1.9,3.3"
2.3,"2.3,2.7"
1.5,"1.5,3.6"
5,"1.61,3.6"
5.5,"1.57,3.5"
3.2,"2.15,3"
1.65,"1.65,3.6"
2.37,"2.37,3"
3.1,"2.05,3.1"
1.65,"1.65,3.4"
3.25,"1.85,3.25"
3.1,"2.15,3"
1.4,"1.4,4"
3.2,"2.3,2.7"
2.37,"2.37,3"
6.5,"1.45,3.6"
3.2,"2.45,2.6"
2.55,"2.45,2.55"
2,"2,3.1"
3.2,"2.05,3.2"
2.45,"2.45,2.55"
3.6,"1.53,3.6"
3.1,"2.05,3.1"
1.2,"1.2,5.25"
3.4,"1.72,3.4"
1.9,"1.9,3.6"
3.2,"2.45,2.55"
3.5,"1.7,3.5"
1.83,"1.83,3.4"
2.3,"2.3,2.75"
1.7,"1.7,3.25"
3.3,"1.75,3.3"
4.5,"1.7,3.3"
3.4,"1.95,3.25"
1.83,"1.83,3.25"
3.25,"1.9,3.25"
2,"2,3.2"
1.95,"1.95,3.25"
1.53,"1.53,3.5"
3.4,"1.95,3.3"
1.72,"1.72,3.4"
3.4,"1.83,3.4"
1.9,"1.9,3.5"
2.1,"2.1,3.2"
2.7,"2.37,2.7"
1.83,"1.83,3.25"
1.33,"1.33,4.2"
3.2,"2.1,3.2"
1.9,"1.9,3.3"
3.6,"1.5,3.6"
1.72,"1.72,3.4"
3.3,"2.4,2.87"
2.75,"2.3,2.75"
2.87,"2.25,2.87"
2.2,"2.2,3"
1.53,"1.53,3.6"
3.6,"1.61,3.6"
3.5,"1.61,3.5"
3.4,"1.8,3.4"
3.1,"2.1,3.1"
2.37,"2.37,2.62"
2.2,"2.2,3"
2.1,"2.1,3.1"
3.4,"1.9,3.4"
3.25,"2.38,3"
1.57,"1.57,3.4"
2.2,"2.2,2.8"
3.4,"1.72,3.4"
3.5,"1.5,3.5"
2,"2,3.25"
3.25,"1.8,3.25"
3.5,"1.5,3.5"
1.5,"1.5,3.5"
3.6,"1.9,3.25"
3.4,"1.72,3.4"
2,"2,3.4"
2.6,"2.6,2.6"
2.37,"2.37,2.62"
4.75,"1.65,3.5"
2.87,"2.2,2.87"
2.25,"2.25,2.87"
1.61,"1.61,3.6"
1.57,"1.57,3.6"
3.1,"2.1,3.1"
2.1,"2.1,3.1"
4.75,"1.66,3.4"
3.5,"1.61,3.5"
2.62,"2.6,2.62"
3,"2.2,3"
1.7,"1.7,3.4"
2.87,"2.2,2.87"
1.25,"1.25,5"
2,"2,3.3"
3.2,"2.25,2.87"
2.9,"2.2,2.9"
1.85,"1.85,3.25"
1.66,"1.66,3.5"
3.6,"1.8,3.6"
3.25,"1.85,3.25"
5.5,"1.57,3.5"
3.75,"1.9,3.2"
3.1,"2.2,3.1"
1.65,"1.65,3.5"
2.9,"2.15,2.9"
1.66,"1.66,3.5"
4.2,"1.72,3.4"
1.5,"1.5,3.5"
3.25,"2,3.25"
3.2,"2.2,2.87"
3,"2.1,3"
4,"1.8,3.25"
1.4,"1.4,3.75"
2.87,"2.2,2.87"
1.44,"1.44,3.5"
2.37,"2.37,2.62"
2.4,"2.4,2.7"
3.2,"2.05,3.2"
3.3,"2,3.3"
2.2,"2.2,3"
2.75,"2.25,2.75"
2.6,"2.4,2.6"
1.3,"1.3,4.5"
3.25,"2,3.25"
2.3,"2.3,2.7"
3.4,"2,3.25"
2.7,"2.3,2.7"
4,"1.8,3.4"
3.75,"1.83,3.4"
1.57,"1.57,3.5"
1.6,"1.6,3.5"
3.4,"2,3.25"
1.9,"1.9,3.25"
2.75,"2.5,2.75"
2.5,"2.5,2.5"
3.25,"1.83,3.25"
3.25,"2.1,3.2"
1.9,"1.9,3.25"
3.4,"2.25,2.75"
3.25,"2.25,3"
1.9,"1.9,3.4"
2.1,"2.1,3"
1.61,"1.61,3.5"
1.83,"1.83,3.3"
3.2,"2.2,3"
1.9,"1.9,3.25"
2.5,"2.5,2.6"
1.44,"1.44,3.75"
2.87,"2.25,2.87"
3.1,"2.1,3.1"
1.61,"1.61,3.6"
2.2,"2.2,3"
2.25,"2.25,2.87"
1.9,"1.9,3.25"
1.9,"1.9,3.25"
1.44,"1.44,3.75"
1.33,"1.33,4.5"
2.1,"2.1,3.1"
1.83,"1.83,3.4"
1.9,"1.9,3.3"
1.7,"1.7,3.5"
2.7,"2.5,2.7"
2.3,"2.3,2.75"
3.4,"2,3.25"
1.7,"1.7,3.3"
1.9,"1.9,3.4"
2.75,"2.3,2.75"
2.1,"2.1,2.87"
1.66,"1.66,3.5"
2.1,"2.1,3"
4,"1.8,3.25"
1.57,"1.57,3.5"
1.57,"1.57,3.5"
3.3,"2.1,3"
1.57,"1.57,3.5"
2.1,"2.1,3"
3.3,"1.9,3.3"
3.5,"1.9,3.3"
3,"2.2,3"
4.5,"1.72,3.4"
2.37,"2.37,2.62"
4.5,"1.66,3.5"
3.3,"2,3.3"
1.4,"1.4,4"
1.9,"1.9,3.25"
2.5,"2.5,2.5"
1.53,"1.53,3.6"
3.2,"2.2,3.1"
1.28,"1.28,5"
2.87,"2.2,2.87"
1.75,"1.75,3.6"
1.33,"1.33,4.5"
3.6,"1.57,3.6"
1.44,"1.44,3.75"
4.5,"1.7,3.4"
2.5,"2.5,2.5"
3.2,"2.2,3"
3.3,"2.37,2.62"
3.3,"2.2,2.87"
1.8,"1.8,3.4"
2,"2,3.25"
3.3,"2.37,2.62"
2.75,"2.3,2.75"
1.67,"1.67,3.4"
1.66,"1.66,3.5"
1.66,"1.66,3.5"
3.4,"2,3.25"
3.4,"2.5,2.5"
2.4,"2.4,2.62"
3.5,"1.53,3.5"
3.25,"2.25,2.8"
2.3,"2.3,3"
2.37,"2.37,2.62"
3.25,"2.25,2.87"
1.61,"1.61,3.5"
2.1,"2.1,3.1"
2.25,"2.25,2.87"
3.25,"2,3.25"
3.5,"1.95,3.3"
1.5,"1.5,3.8"
2.75,"2.3,2.75"
1.9,"1.9,3.25"
2.2,"2.2,3.25"
3.3,"1.95,3.3"
3.5,"1.8,3.5"
1.28,"1.28,4.6"
3.5,"1.66,3.5"
3.2,"2.5,2.6"
3.6,"1.72,3.6"
3.4,"1.72,3.4"
3.25,"2.1,3.25"
2.87,"2.2,2.87"
7,"1.4,4"
2.5,"2.5,2.5"
2.3,"2.3,2.7"
2.3,"2.3,2.62"
1.44,"1.44,4"
1.83,"1.83,3.4"
2.5,"2.5,2.5"
1.7,"1.7,3.4"
1.83,"1.83,3.4"
1.8,"1.8,3.3"
1.5,"1.5,3.75"
3.5,"1.61,3.5"
2.75,"2.25,2.75"
3.4,"1.66,3.4"
2.4,"2.4,2.5"
5,"1.57,3.6"
3.75,"1.5,3.75"
4.5,"1.33,4.5"
1.44,"1.44,3.75"
3.8,"1.83,3.4"
1.9,"1.9,3.4"
1.44,"1.44,4"
3.5,"2,3.3"
3.6,"1.9,3.4"
2,"2,3.3"
3.25,"2.2,3"
2,"2,3.3"
1.3,"1.3,5"
2.87,"2.2,2.87"
1.83,"1.83,3.5"
3.1,"2.25,3.1"
3.3,"2.5,2.5"
3.25,"2.4,2.7"
2.6,"2.5,2.6"
2.2,"2.2,3"
2.4,"2.4,2.6"
2.7,"2.37,2.7"
1.72,"1.72,3.5"
2.5,"2.5,2.6"
2.3,"2.3,2.8"
3.25,"2.37,2.75"
2.87,"2.25,2.87"
3.25,"2.5,2.6"
3.75,"1.9,3.3"
4.5,"1.72,3.4"
2.3,"2.3,2.87"
2.6,"2.5,2.6"
3.75,"2,3.2"
3.4,"1.72,3.4"
2.6,"2.6,2.6"
1.5,"1.5,3.75"
2.75,"2.37,2.75"
4,"1.83,3.25"
3.25,"2.5,2.6"
3.25,"2.1,3.25"
3.25,"2.2,3"
1.72,"1.72,3.4"
1.53,"1.53,3.75"
1.9,"1.9,3.3"
1.85,"1.85,3.3"
2.1,"2.1,3.25"
3.2,"2.15,3.2"
3.6,"1.61,3.6"
2.25,"2.25,2.9"
1.53,"1.53,3.75"
2.62,"2.45,2.62"
3.4,"2,3.3"
2.25,"2.25,2.87"
3.4,"2.15,3"
1.4,"1.4,3.8"
1.75,"1.75,3.4"
3.25,"2.05,3.25"
1.9,"1.9,3.3"
1.36,"1.36,4"
1.75,"1.75,3.3"
3.75,"1.44,3.75"
1.72,"1.72,3.3"
3.1,"2.1,3.1"
2.25,"2.25,3"
3.3,"2.3,2.8"
1.65,"1.65,3.4"
1.8,"1.8,3.5"
1.9,"1.9,3.25"
2.75,"2.2,2.75"
2.6,"2.6,2.6"
2.1,"2.1,2.9"
3.4,"2,2.9"
2.2,"2.2,2.75"
2.5,"2.5,2.5"
1.72,"1.72,3.5"
2.62,"2.25,2.62"
2.4,"2.4,2.6"
3.6,"1.72,3.6"
3.6,"1.9,3.3"
4.33,"1.36,4.33"
2.5,"2.5,2.75"
3.5,"1.7,3.5"
5,"1.61,3.5"
1.57,"1.57,3.5"
2.3,"2.3,2.8"
2.1,"2.1,3.2"
4,"1.8,3.4"
3.8,"1.4,3.8"
1.5,"1.5,3.6"
3.25,"2.5,2.5"
3.4,"2,3.2"
2.7,"2.55,2.7"
1.53,"1.53,3.6"
1.53,"1.53,3.6"
3.3,"1.9,3.3"
2.1,"2.1,2.87"
1.72,"1.72,3.5"
5.5,"1.25,5.5"
1.61,"1.61,3.5"
4.2,"1.75,3.3"
2.3,"2.3,2.75"
1.55,"1.55,3.75"
3.4,"1.75,3.4"
3.3,"2.3,2.75"
3.5,"1.66,3.5"
1.5,"1.5,3.6"
3,"2.1,3"
8,"1.36,4.2"
2.6,"2.5,2.6"
1.57,"1.57,3.75"
3.3,"2.2,3"
5.75,"1.5,3.8"
2.8,"2.2,2.8"
2,"2,3.3"
3.4,"2.25,2.75"
2.3,"2.3,2.62"
2.75,"2.3,2.75"
1.9,"1.9,3.4"
1.66,"1.66,3.6"
3.5,"2.4,2.5"
2.3,"2.3,2.62"
2.3,"2.3,2.88"
1.72,"1.72,3.4"
2.3,"2.3,2.75"
15,"1.22,5"
3.4,"1.9,3.4"
1.61,"1.61,3.6"
3.6,"1.9,3.4"
3.5,"1.72,3.5"
3.3,"2.1,3.2"
1.83,"1.83,3.5"
2.7,"2.37,2.7"
3.75,"1.9,3.3"
1.53,"1.53,3.75"
2.3,"2.3,2.75"
1.8,"1.8,3.5"
3.3,"2.25,3.1"
1.85,"1.85,3.4"
1.61,"1.61,3.5"
1.53,"1.53,3.75"
2.75,"2.3,2.75"
3.4,"1.91,3.4"
2.63,"2.38,2.63"
2.25,"2.25,3.2"
2.25,"2.25,2.75"
3,"2.1,3"
3.4,"2.37,2.62"
1.53,"1.53,3.75"
1.83,"1.83,3.4"
2.25,"2.25,2.75"
2.25,"2.25,2.75"
2.1,"2.1,3"
3.6,"1.66,3.6"
2.1,"2.1,3"
2.6,"2.4,2.6"
3.5,"1.66,3.5"
2.1,"2.1,3.1"
2.62,"2.3,2.62"
3.4,"2.3,2.62"
1.16,"1.16,6"
3.4,"2,3.2"
3.4,"2.1,3"
2.8,"2.2,2.8"
1.83,"1.83,3.4"
5,"1.57,3.75"
2.2,"2.2,2.8"
1.91,"1.91,3.4"
3.3,"2.25,2.9"
2.8,"2.3,2.8"
2.5,"2.5,2.5"
4.5,"1.83,3.1"
3.25,"2.1,3.25"
2.37,"2.37,2.7"
3.3,"2.3,2.8"
2.2,"2.2,3"
2.3,"2.3,2.8"
4.4,"1.75,3.4"
3.5,"2.25,2.75"
2.5,"2.5,2.5"
3.3,"1.65,3.3"
3.75,"1.85,3.2"
4,"1.85,3.2"
3.2,"2.15,3"
3.2,"1.85,3.2"
3.2,"2.35,2.6"
3.2,"1.9,3.2"
3.5,"1.5,3.5"
3.75,"1.95,3.2"
2.8,"2.2,2.8"
3.2,"1.75,3.2"
2.2,"2.2,2.65"
3.2,"1.95,3.2"
3.2,"1.9,3.2"
2.3,"2.3,2.75"
3.2,"2.35,2.75"
2.25,"2.25,2.75"
3.2,"2.5,2.5"
3.3,"1.7,3.3"
2.4,"2.4,2.4"
3.75,"1.45,3.75"
3.2,"2.5,2.5"
2.5,"2.5,2.5"
3.4,"1.9,3.25"
4.33,"1.7,3.4"
3.3,"1.9,3.3"
3.2,"2.15,3"
3.5,"1.6,3.5"
3.5,"1.6,3.5"
2.2,"2.2,3"
2.55,"2.38,2.55"
3.3,"1.65,3.3"
3,"2.15,3"
0,"0,0"
2.1,"2.1,3"
3.2,"2.5,2.6"
2.25,"2.25,2.8"
0,"0,0"
3.2,"2.1,3"
0,"0,0"
0,"0,0"
3.2,"1.85,3.2"
3.6,"1.5,3.6"
3.2,"1.85,3.2"
2.45,"2.45,2.6"
3.2,"1.75,3.2"
2.95,"2.2,2.95"
3.2,"2.2,3"
3.2,"2.3,2.6"
2.8,"2.2,2.8"
4,"1.45,4"
4,"1.8,3.2"
2.15,"2.15,3.2"
1.8,"1.8,3.2"
2.35,"2.35,2.8"
3.2,"1.9,3.2"
3.2,"2.3,2.75"
2.25,"2.25,2.8"
3.5,"1.6,3.5"
3.2,"2.25,2.75"
3.2,"2.1,3.2"
3.2,"2.35,2.8"
4,"1.3,4"
3.4,"1.55,3.4"
3.2,"2.2,2.8"
3.2,"1.7,3.2"
3.25,"2.05,3.25"
3.5,"1.6,3.5"
3.3,"1.65,3.3"
3.2,"2.4,2.75"
3.2,"2.25,2.75"
3.2,"2.38,2.55"
2.75,"2.38,2.75"
2.2,"2.2,2.8"
3.5,"2,3.2"
2.1,"2.1,2.8"
3.3,"1.65,3.3"
2.1,"2.1,3"
4,"1.8,3.2"
3.2,"1.83,3.2"
2.4,"2.4,2.75"
1.55,"1.55,3.5"
4.33,"1.7,3.2"
1.85,"1.85,3.2"
3.2,"2.1,3.2"
1.5,"1.5,3.5"
2.15,"2.15,3.2"
4,"1.4,4"
3.3,"1.6,3.3"
3.5,"1.45,3.5"
2.55,"2.5,2.55"
7,"1.35,4.33"
3.1,"2.2,3.1"
3.2,"2.25,3"
2.25,"2.25,2.9"
3.2,"2.1,3.2"
2.8,"2.2,2.8"
3.2,"2.25,2.55"
5,"1.65,3.25"
3.5,"1.55,3.5"
7,"1.35,4.33"
3.2,"1.83,3.2"
2.6,"2.45,2.6"
1.55,"1.55,3.25"
6.5,"1.45,3.6"
1.35,"1.35,3.75"
1.55,"1.55,3.4"
3.25,"1.6,3.25"
1.9,"1.9,3.2"
3.75,"1.9,3.2"
4,"1.8,3.2"
3.2,"2,3.2"
3.2,"2.05,3"
2.45,"2.38,2.45"
3.3,"2,3.2"
2.25,"2.25,2.7"
3.2,"1.75,3.2"
3.6,"1.5,3.6"
3.2,"2.1,3"
7,"1.45,3.75"
3.2,"2.2,2.9"
7,"1.4,4"
6.5,"1.5,3.6"
3.2,"1.95,3.2"
3.5,"2.05,3.2"
1.95,"1.95,3.2"
4,"1.82,3.2"
3.2,"2.2,3"
2.1,"2.1,2.9"
3.2,"2.25,2.8"
2.8,"2.3,2.8"
4.5,"1.65,3.5"
2.55,"2.38,2.55"
3.2,"1.75,3.2"
4.3,"1.8,3.2"
3.2,"1.85,3.2"
4.33,"1.6,3.2"
1.7,"1.7,3.5"
1.85,"1.85,3.2"
2.8,"2.1,2.8"
3.75,"1.45,3.75"
3.5,"1.7,3.5"
2.5,"2.5,2.6"
3.5,"1.65,3.5"
3.2,"2.38,2.75"
1.9,"1.9,3.2"
2.38,"2.38,2.75"
3.2,"2.45,2.8"
3.3,"1.7,3.3"
3.2,"1.8,3.2"
2.38,"2.38,2.65"
3.2,"1.73,3.2"
3.2,"2.1,3.2"
2.38,"2.38,2.7"
2.6,"2.25,2.6"
2.75,"2.35,2.75"
3.2,"2.2,3"
3.2,"1.75,3.2"
2.2,"2.2,2.8"
2.38,"2.38,2.6"
3.2,"2.38,2.85"
2.75,"2.2,2.75"
4,"1.73,3.2"
4,"1.4,4"
2,"2,3.2"
3.2,"2.5,2.6"
3.5,"1.53,3.5"
3.5,"1.85,3.2"
4.5,"1.7,3.5"
2.4,"2.4,2.6"
3.2,"1.95,3.2"
7,"1.5,3.75"
3.2,"2.3,2.6"
1.95,"1.95,3.2"
3.2,"2.55,2.6"
2.6,"2.45,2.6"
3.6,"1.5,3.6"
3.3,"1.65,3.3"
3.5,"1.83,3.2"
2.55,"2.5,2.55"
3.5,"1.65,3.5"
2.38,"2.38,2.65"
3.6,"1.5,3.6"
2.1,"2.1,3.2"
3.2,"1.85,3.2"
3.2,"1.8,3.2"
3.2,"2.2,3"
3.75,"1.45,3.75"
3.2,"2.38,2.55"
4,"1.75,3.2"
2.8,"2.3,2.8"
3.5,"1.83,3.2"
1.85,"1.85,3.2"
1.95,"1.95,3.2"
3.2,"1.95,3.2"
3.2,"2.25,3"
3.2,"2.1,3.2"
2.25,"2.25,3"
3.2,"2.38,2.7"
3.2,"1.85,3.2"
3.2,"2.05,3.2"
3.2,"2.1,3"
3.5,"1.75,3.5"
3.5,"1.6,3.5"
2.65,"2.38,2.65"
6,"1.6,3.5"
3,"2.2,3"
3.5,"1.7,3.5"
4.33,"1.75,3.2"
4,"1.45,4"
1.7,"1.7,3.3"
1.9,"1.9,3.2"
3.2,"2.3,2.75"
4.33,"1.7,3.2"
3.2,"2.2,2.8"
4,"1.8,3.2"
3.2,"1.75,3.2"
3.2,"2.1,3.2"
3.2,"1.95,3.2"
2.6,"2.2,2.6"
3.2,"2,3.2"
2,"2,3.2"
1.65,"1.65,3.4"
3.2,"1.95,3.2"
2.15,"2.15,3.2"
4,"1.85,3.2"
2.35,"2.35,2.75"
3.5,"1.55,3.5"
3.2,"2.25,2.8"
3.2,"1.9,3.2"
6,"1.55,3.5"
4,"1.8,3.2"
3.2,"2.5,2.6"
8.5,"1.35,4.33"
1.8,"1.8,3.2"
3.2,"1.95,3.2"
3.5,"2,3.2"
2.8,"2.2,2.8"
3.2,"2.05,3"
3.2,"2.3,2.6"
2.6,"2.38,2.6"
2.38,"2.38,2.6"
2.2,"2.2,2.8"
3.2,"1.95,3.2"
3.3,"1.65,3.3"
10,"1.33,4.5"
3.3,"1.65,3.3"
1.5,"1.5,3.4"
4.33,"1.35,4.33"
4.33,"1.35,4.33"
2.75,"2,2.75"
2.38,"2.38,2.6"
2.9,"2.1,2.9"
3.25,"1.7,3.25"
3.2,"2.2,3.2"
3.2,"1.91,3.2"
4,"1.83,3.2"
4.33,"1.35,4.33"
2.4,"2.4,2.75"
2.5,"2.35,2.5"
2.5,"2.5,2.65"
3.2,"2.3,2.8"
3,"2.35,2.88"
2.3,"2.3,2.6"
7,"1.4,3.75"
3.2,"2.1,3"
4,"1.45,4"
4,"1.55,4"
4,"1.35,4"
3.2,"2.1,2.8"
2.38,"2.38,2.6"
3.5,"1.5,3.5"
2.75,"2.38,2.75"
1.5,"1.5,3.4"
3.1,"2.5,2.5"
2.6,"2.5,2.6"
2.1,"2.1,3.2"
3,"2.2,3"
3.2,"1.91,3.2"
3.2,"2.3,2.6"
5.5,"1.65,3.3"
4.33,"1.6,3.2"
2.1,"2.1,3.1"
3,"2.3,3"
3,"2.1,3"
3.5,"1.4,3.5"
4,"1.35,4"
1.9,"1.9,3.2"
7,"1.33,4"
7,"1.33,3.75"
2.4,"2.4,2.6"
2.6,"2.5,2.6"
1.55,"1.55,3.5"
3.75,"1.45,3.75"
2.6,"2.4,2.6"
3.2,"2.38,2.5"
5.5,"1.55,3.4"
0,"0,0"
2.45,"0,0"
0,"0,0"
0,"0,0"
0,"0,0"
0,"0,0"
0,"0,0"
0,"0,0"
0,"0,0"
5.5,"1.2,5.5"
3.4,"1.85,3.4"
3.5,"2.15,3.3"
3.3,"2.2,3.3"
3.4,"2.1,3.3"
3.4,"1.75,3.4"
2.5,"2.5,2.75"
2.05,"2.05,3.3"
3.3,"2.25,3.2"
8,"1.12,8"
7,"1.4,4.33"
6.5,"1.57,3.8"
6.2,"1.5,4.2"
3.8,"1.45,3.8"
3.5,"1.75,3.5"
3.25,"2.25,3"
3.25,"2.25,3"
3.45,"2.1,3.4"
6,"1.5,3.8"
2.65,"2.63,2.65"
5,"1.35,5"
1.9,"1.9,3.4"
2.05,"2.05,3.3"
3.4,"1.9,3.4"
3.15,"2.25,3.15"
3.25,"2.35,2.8"
3.25,"2.6,2.63"
8,"1.12,8"
10,"1.25,5.25"
2,"2,3.3"
8.5,"1.3,5"
4.2,"1.38,4.2"
7,"1.4,4.33"
3.4,"1.85,3.4"
3.3,"2.35,2.95"
3.25,"2.5,2.7"
2.05,"2.05,3.3"
5.65,"1.6,3.8"
2.8,"2.45,2.8"
3.1,"2.1,3.1"
2.9,"2.4,2.9"
9,"1.29,5"
8.5,"1.08,8.5"
4,"1.8,3.4"
3.2,"2.15,3.2"
6,"1.5,4"
3.3,"2.3,2.9"
3.4,"1.8,3.4"
3.4,"1.9,3.4"
3.25,"2.2,3.25"
3.8,"1.55,3.8"
10,"1.1,10"
2.5,"2.5,2.75"
3.3,"2,3.3"
3.35,"2.1,3.35"
3.5,"1.95,3.5"
3.3,"2.3,2.8"
2.88,"2.3,2.88"
4.75,"1.7,3.6"
2.88,"2.3,2.88"
3.3,"2.1,3.3"
7,"1.12,7"
1.7,"1.7,3.75"
1.8,"1.8,3.5"
3.4,"1.75,3.4"
2.05,"2.05,3.2"
3.25,"2.1,3.25"
3.3,"2.5,2.75"
3.3,"2,3.3"
3.75,"2,3.4"
4.5,"1.75,3.5"
7,"1.5,4.33"
1.44,"1.44,4.33"
3.2,"2.1,3.2"
9,"1.14,9"
3.5,"2,3.5"
3.1,"2.25,3.1"
3.3,"1.85,3.3"
3.2,"2.5,2.75"
3.75,"1.65,3.75"
3.25,"2.5,2.7"
1.4,"1.4,4.5"
4.2,"1.45,4.2"
5.5,"1.62,3.75"
4,"1.85,3.5"
4.5,"1.8,3.5"
4.2,"1.91,3.6"
3.5,"1.75,3.5"
3.5,"1.6,3.5"
3.4,"1.95,3.4"
3.9,"1.95,3.5"
7,"1.15,7"
2.05,"2.05,3.3"
3.75,"1.95,3.4"
3.25,"2.5,2.8"
2.2,"2.2,3.2"
3.7,"1.6,3.7"
3.3,"2.2,3.2"
4,"1.45,4"
5.25,"1.55,3.7"
1.53,"1.53,4"
3.3,"2.6,2.75"
6,"1.18,6"
5.5,"1.73,3.5"
2.15,"2.15,3.3"
3,"2.2,3"
3.6,"1.8,3.6"
3.65,"2.2,3.3"
3.75,"1.6,3.75"
2.5,"2.5,2.8"
12,"1.25,5.5"
3.3,"2.5,2.75"
6,"1.45,4"
2.25,"2.25,3.25"
3.5,"1.75,3.5"
3.6,"1.8,3.6"
4,"1.55,4"
2.5,"2.5,2.63"
3.7,"1.95,3.4"
1.95,"1.95,3.4"
12,"1.25,5.5"
5.25,"1.62,3.8"
6.5,"1.18,6.5"
9.5,"1.35,4.75"
4.6,"1.75,3.6"
2.95,"2.2,2.95"
1.95,"1.95,3.3"
3.1,"2.35,3.1"
3.5,"1.8,3.5"
3.3,"2.1,3.3"
3.6,"1.75,3.6"
7,"1.16,7"
2.45,"2.45,2.7"
2.1,"2.1,3.3"
2.7,"2.6,2.7"
2.05,"2.05,3.5"
3.6,"1.75,3.6"
2.15,"2.15,3.25"
3.5,"1.7,3.5"
3.6,"2.1,3.3"
3.75,"2,3.4"
3.3,"2,3.3"
6.5,"1.18,6.5"
1.6,"1.6,3.6"
3.3,"2.05,3.3"
2.5,"2.5,2.9"
3.3,"2.45,2.75"
2.25,"2.25,3.15"
3.3,"2.1,3.3"
3.75,"1.58,3.75"
3.3,"2.63,2.65"
10,"1.35,4.75"
4.33,"1.4,4.33"
3.5,"1.8,3.5"
3.5,"1.75,3.5"
3.5,"2,3.5"
1.44,"1.44,4.33"
3.4,"1.95,3.4"
3.75,"1.95,3.4"
2.7,"2.5,2.7"
1.5,"1.5,3.75"
2.6,"2.6,2.75"
7.5,"1.45,4.2"
3.3,"2,3.3"
3.4,"1.9,3.4"
2.88,"2.4,2.88"
5.25,"1.28,5.25"
3.3,"2.4,2.75"
7,"1.4,4.5"
5.85,"1.57,3.75"
3.8,"1.57,3.8"
5,"1.37,5"
3.25,"2.05,3.25"
3.8,"1.9,3.4"
3.8,"1.55,3.8"
3.25,"2.55,2.8"
3.25,"2.1,3.25"
3.6,"1.95,3.3"
3.6,"1.85,3.6"
5.25,"1.6,3.6"
3.2,"2.05,3.2"
4.2,"1.45,4.2"
9.25,"1.29,5.25"
3,"2.35,3"
3.2,"2.55,2.88"
7,"1.18,7"
2.25,"2.25,3"
1.65,"1.65,3.75"
4.2,"1.45,4.2"
3.25,"2.25,3.2"
3.25,"2.25,3.25"
3.95,"1.85,3.4"
11.5,"1.2,6.5"
1.5,"1.5,4.2"
3.75,"2,3.4"
3.4,"2.2,3.2"
1.95,"1.95,3.4"
3.5,"2.05,3.3"
1.6,"1.6,3.75"
3.3,"2.1,3.3"
8,"1.15,8"
6.5,"1.2,6.5"
5,"1.3,5"
3.3,"2.1,3.3"
3.75,"1.5,3.75"
3.1,"2.35,3.1"
3.25,"2.35,3.1"
3.5,"1.75,3.5"
2.88,"2.5,2.88"
3.3,"2.1,3.3"
1.8,"1.8,3.6"
3.5,"1.8,3.5"
10,"1.25,5.5"
3.75,"1.73,3.75"
3.2,"2.35,3.2"
5.25,"1.75,3.5"
2.05,"2.05,3.3"
3.5,"1.6,3.5"
3.2,"2.25,3.2"
3.2,"2.45,2.88"
6.5,"1.18,6.5"
3.75,"1.45,3.75"
2.55,"2.55,2.8"
3.4,"2.5,2.9"
3.5,"1.65,3.5"
3.3,"2.1,3.25"
4.33,"1.8,3.4"
5.5,"1.28,5.5"
1.9,"1.9,3.4"
4,"1.5,4"
7,"1.15,7"
1.8,"1.8,3.4"
9,"1.25,5.75"
3.3,"2.4,2.75"
2.15,"2.15,3.3"
5,"1.6,3.75"
3.25,"2.3,3"
2.4,"2.4,2.8"
3.4,"1.95,3.4"
2.38,"2.38,3.05"
1.25,"1.25,5.75"
3.6,"1.6,3.6"
4.5,"1.35,4.5"
3.6,"1.7,3.6"
2.9,"2.35,2.9"
1.55,"1.55,3.6"
3.6,"1.7,3.6"
3.25,"2.15,3.25"
2.8,"2.6,2.8"
6,"1.5,3.8"
3.3,"2.1,3.3"
5.5,"1.65,3.6"
3,"2.45,3"
3.3,"2.05,3.3"
4.5,"1.4,4.5"
3.25,"2.25,3.25"
3.3,"2.25,3.25"
10.5,"1.29,5.25"
4.5,"1.35,4.5"
3.5,"1.7,3.5"
3.5,"2.05,3.3"
3.3,"2.25,3"
1.62,"1.62,3.6"
8,"1.14,8"
3.3,"2.45,2.88"
3.2,"2.5,2.6"
3.3,"2.1,3.3"
2.05,"2.05,3.3"
3.75,"1.55,3.75"
9,"1.29,5.25"
11,"1.25,5.25"
3.3,"2.45,2.88"
3.3,"2,3.3"
8,"1.12,8"
3,"2.35,3"
2.4,"2.4,2.85"
4,"1.45,4"
3.2,"2.2,3.2"
3.5,"1.75,3.5"
7.25,"1.36,4.75"
4,"1.88,3.4"
6.25,"1.44,4.2"
3.3,"2.38,3"
4,"2,3.4"
2,"2,3.3"
3.3,"2.15,3.3"
5.25,"1.3,5.25"
3.3,"2.15,3.2"
3.25,"2.6,2.8"
3.4,"1.88,3.4"
7,"1.2,7"
4.5,"1.42,4.5"
3.4,"1.9,3.4"
2.88,"2.45,2.88"
3.5,"1.8,3.5"
4.5,"1.8,3.5"
9,"1.3,5.25"
5,"1.75,3.5"
3.75,"1.55,3.75"
2.95,"2.4,2.95"
3.25,"2.25,3.25"
2.45,"2.45,2.7"
3.75,"1.95,3.4"
4,"1.5,4"
2.7,"2.5,2.7"
3.5,"1.75,3.5"
3.25,"2.5,2.8"
3.8,"2.05,3.4"
3.25,"2.5,3"
3.25,"2.25,3.2"
3.3,"2.45,2.75"
1.85,"1.85,3.4"
3.5,"1.91,3.5"
1.35,"1.35,4.5"
8.5,"1.12,8.5"
4,"1.95,3.4"
3.3,"2.15,3.3"
3.2,"2.25,3.2"
8.25,"1.29,5.5"
3.75,"1.6,3.75"
1.33,"1.33,5"
4.33,"1.35,4.33"
3.5,"1.85,3.5"
5,"1.83,3.5"
4,"1.9,3.4"
4,"1.95,3.4"
4.5,"1.45,4.5"
3.3,"2.4,2.88"
2.88,"2.35,2.88"
3.6,"1.65,3.6"
8.5,"1.08,8.5"
4.5,"1.44,4.5"
9,"1.29,5.5"
2.15,"2.15,3.2"
3.5,"1.75,3.5"
3.25,"2.5,2.65"
7,"1.55,4"
2.9,"2.38,2.9"
2.25,"2.25,3.25"
2.8,"2.45,2.8"
2.85,"2.4,2.85"
2.35,"2.35,2.88"
4.33,"1.78,3.5"
3.3,"2.1,3.3"
2.88,"2.4,2.88"
6,"1.57,3.8"
3.3,"2.45,2.75"
2,"2,3.4"
8,"1.12,8"
5,"1.38,5"
3.25,"2.25,3.1"
11,"1.08,11"
6,"1.5,3.8"
5.75,"1.25,5.75"
4.33,"1.75,3.5"
3.5,"2.1,3.5"
5.75,"1.53,4.2"
3.6,"1.65,3.6"
3.2,"2.25,3.2"
3.75,"1.7,3.75"
3.2,"2.1,3.2"
3.5,"1.8,3.5"
3.4,"2,3.4"
9,"1.1,9"
6,"1.5,4.33"
5,"1.7,3.8"
5,"1.62,3.75"
3.2,"2.1,3.2"
3.8,"1.7,3.8"
3.25,"2.38,2.8"
6.9,"1.44,4.5"
3.6,"1.75,3.6"
4.5,"1.65,4.2"
5.5,"1.25,5.5"
1.85,"1.85,3.6"
13,"1.03,13"
1.29,"1.29,5.5"
2.9,"2.35,2.9"
5.25,"1.25,5.25"
3.6,"2.1,3"
2.25,"2.25,2.62"
2.5,"2.4,2.5"
3.6,"2.3,2.4"
3.8,"1.7,3.75"
3.6,"2.35,2.5"
2.75,"2.35,2.75"
3.6,"1.73,3.6"
4.33,"1.65,4"
3,"2.1,3"
2,"2,3.1"
3.6,"1.9,3.6"
3.6,"2.4,2.5"
2.25,"2.25,2.45"
4,"1.62,4"
2.55,"2.25,2.55"
4,"1.8,3.6"
3.6,"2.2,2.75"
3.6,"2.2,2.88"
4,"1.6,4"
2.25,"2.25,2.75"
2.38,"2.38,2.5"
3.6,"2.05,3"
3.6,"2.4,2.6"
3.6,"2.2,2.75"
1.91,"1.91,3.2"
3.1,"2,3.1"
5,"1.57,4"
2.55,"2.38,2.55"
2.3,"2.3,2.62"
3.5,"2.35,2.5"
3.75,"1.9,3.6"
2.85,"2.1,2.85"
2.25,"2.25,2.62"
5.5,"1.5,4.33"
3.6,"2.25,2.62"
3.6,"1.65,3.6"
3.6,"2.1,2.85"
4,"1.65,4"
2.85,"2.2,2.85"
2.62,"2.4,2.62"
2.2,"2.2,2.6"
2.62,"2.25,2.62"
3.6,"2.3,2.55"
4.5,"1.44,4.5"
3.6,"1.8,3.5"
3.5,"2.5,2.55"
3.75,"1.8,3.75"
2.1,"2.1,2.8"
4.33,"1.6,4.33"
3.6,"2,3.2"
3.6,"1.9,3.2"
2.6,"2.35,2.6"
3.5,"2.55,2.6"
3.6,"1.91,3.2"
2.6,"2.25,2.6"
3.6,"1.9,3.25"
3.5,"2.25,2.6"
3.75,"1.8,3.6"
4.5,"1.35,4.5"
2.15,"2.15,2.85"
3.3,"1.91,3.3"
3.75,"1.73,3.75"
3.75,"1.9,3.6"
3.6,"1.83,3.5"
2.88,"2.1,2.88"
4.33,"1.65,3.6"
3.75,"2,3.1"
2.88,"2.2,2.88"
3.5,"2.4,2.5"
1.9,"1.9,3.5"
2.2,"2.2,2.7"
4.33,"1.44,4.33"
2.7,"2.25,2.7"
2.2,"2.2,2.7"
2.4,"2.4,2.6"
2.25,"2.25,2.75"
3.6,"1.83,3.6"
3.6,"2.1,2.95"
3.2,"2,3.2"
4.5,"1.65,3.75"
3.5,"2.5,2.5"
2.7,"2.25,2.7"
3.75,"1.6,3.75"
3.2,"1.83,3.2"
4.33,"1.45,4.33"
3.5,"2.38,2.5"
1.73,"1.73,3.75"
3.5,"1.9,3.5"
3.6,"1.85,3.5"
3.6,"2.2,2.75"
1.7,"1.7,3.75"
2.6,"2.38,2.6"
2.55,"2.38,2.55"
2.4,"2.4,2.5"
3.75,"1.6,3.75"
2.5,"2.4,2.5"
2.25,"2.25,2.62"
1.9,"1.9,2.88"
3.75,"1.7,3.6"
4,"1.5,4"
2.1,"2.1,2.88"
2,"2,2.95"
5,"1.25,5"
2,"2,3.2"
3.6,"2,2.95"
3.6,"2.2,2.7"
3.6,"2.15,2.88"
1.65,"1.65,3.75"
3.5,"2.3,2.62"
2.3,"2.3,2.6"
3.6,"1.9,3.6"
4,"1.4,4"
3.6,"2.4,2.5"
4,"1.57,3.6"
3.5,"1.9,3.2"
3.75,"1.55,3.75"
3.5,"2.1,3.4"
2.6,"2.3,2.6"
2.1,"2.1,3"
4,"1.5,4"
4,"1.8,3.6"
2.2,"2.2,2.6"
2.62,"2.25,2.62"
3.5,"2.45,2.5"
4.33,"1.62,4"
3.75,"1.65,3.75"
3.5,"2.4,2.5"
3.5,"1.85,3.5"
2.2,"2.2,2.7"
3.5,"2.4,2.5"
3.4,"1.91,3.4"
2.9,"2,2.9"
2.75,"2.15,2.75"
1.85,"1.85,3.5"
3.5,"2.4,2.5"
3.6,"1.85,3.6"
3.75,"1.65,3.75"
3.6,"1.73,3.6"
3.6,"2,2.8"
3.6,"1.65,3.6"
3.5,"2.4,2.5"
2.1,"2.1,2.88"
5,"1.3,5"
2.62,"2.3,2.62"
3.5,"1.8,3.5"
2.75,"2.2,2.75"
4,"1.62,3.6"
4.33,"1.6,3.6"
2.4,"2.38,2.4"
1.8,"1.8,3.5"
3.5,"2.3,2.5"
3.5,"2.4,2.4"
3.6,"2.1,2.88"
1.73,"1.73,3.6"
3.6,"1.9,3.6"
4.2,"1.62,3.75"
2.25,"2.25,2.7"
3.6,"1.7,3.6"
3.5,"1.8,3.5"
3.6,"1.9,3.6"
3.5,"1.73,3.5"
3.2,"1.9,3.2"
2.1,"2.1,2.95"
1.9,"1.9,3.5"
3.6,"1.9,3.1"
3,"2,3"
2.1,"2.1,2.88"
2.2,"2.2,2.7"
2.6,"2.25,2.6"
2.62,"2.25,2.62"
3.6,"2,2.88"
3.8,"1.75,3.8"
4,"1.45,4"
5,"1.53,4"
2.35,"2.35,2.4"
2.1,"2.1,2.55"
2.7,"2.25,2.7"
3.4,"1.9,3.4"
2.38,"2.38,2.6"
3,"1.91,3"
2.25,"2.25,3"
2.62,"2.5,2.62"
5.75,"1.53,3.4"
3.4,"1.85,3"
3.25,"1.5,3.25"
3,"2,3"
2.25,"2.25,2.8"
1.75,"1.75,3.3"
3.4,"2.1,3"
5,"1.22,5"
3,"2,3"
1.73,"1.73,3.25"
2.25,"2.25,2.9"
3.75,"1.45,3.75"
3.1,"1.85,3.1"
6,"1.15,6"
3.1,"2.25,2.9"
2.6,"2.25,2.6"
7,"1.4,3.75"
2.3,"2.3,2.8"
2.3,"2.3,2.8"
3.2,"2.2,3"
3.25,"1.8,3.25"
3.2,"1.9,3.2"
3.1,"1.7,3.1"
2.9,"2.6,2.6"
3.75,"1.9,3.25"
3.2,"1.65,3.2"
3.2,"1.65,3.2"
2.9,"2.38,2.9"
2.2,"2.2,3"
2.38,"2.38,2.88"
2.6,"2.6,2.6"
2.8,"2.3,2.8"
7,"1.4,3.4"
4,"1.8,3.1"
2.75,"2.75,2.88"
3.1,"1.727,3.1"
4.5,"1.285,4.5"
2.88,"2.4,2.8"
3,"2,3"
7.5,"1.5,3.4"
3,"1.9,3"
13,"1.15,5.5"
3,"2.5,3"
3.2,"1.95,3.2"
3,"2.05,3"
2.7,"2.38,2.7"
4.2,"1.91,3.2"
2.1,"2.1,3"
3.2,"1.91,3.2"
3.2,"2.15,3"
3.25,"1.7,3.25"
3.25,"1.7,3.25"
3.75,"1.45,3.75"
2.9,"2.6,2.62"
3.4,"1.95,3"
7,"1.45,3.5"
2,"2,3"
2.2,"2.2,3"
2.5,"2.5,3"
3.4,"1.5,3.4"
4.5,"1.3,4.5"
3,"1.95,3"
2.9,"2.1,2.9"
8,"1.333,4.33"
3.75,"1.44,3.75"
3,"1.8,3"
5,"1.18,5"
3,"2.7,2.8"
3,"2.3,3"
6,"1.125,6"
3,"1.85,3"
3,"1.909,3"
5.5,"1.15,5.5"
5,"1.333,5"
3,"1.91,3"
4,"2.1,2.9"
2.1,"2.1,3"
3,"2.3,3"
5,"1.73,3.2"
3.75,"1.5,3.75"
3.3,"1.666,3.3"
6,"1.55,3.3"
2.88,"2.45,2.8"
3.75,"1.35,3.75"
8.5,"1.4,4"
2.9,"2.3,2.9"
5.25,"1.73,3.2"
11,"1.36,3.75"
2.3,"2.3,2.88"
5,"1.222,5"
3.1,"1.909,3.1"
4.5,"1.7,3.25"
3,"2.2,2.875"
15,"1.29,4.33"
6,"1.727,3.4"
5.5,"1.166,5.5"
5.5,"1.2,5.5"
1.666,"1.666,3.25"
17,"1.142,6.5"
3.2,"2.15,3"
3.1,"2.3,3"
2.4,"2.4,2.8"
3,"2.2,3"
5,"1.2,5"
1.66,"1.66,3.25"
4.5,"1.3,4.5"
3,"2.3,3"
3,"2.05,3"
4.75,"1.72,3.1"
3.25,"1.666,3.25"
3.25,"1.9,3.25"
1.14,"1.14,6"
6,"1.15,6"
2.2,"2.2,2.9"
6,"1.65,3.25"
3.6,"1.4,3.6"
6.5,"1.05,6.5"
3.4,"2.2,3"
5.25,"1.62,3.25"
2.75,"2.5,2.75"
3,"2.4,3"
3.4,"1.5,3.4"
2.2,"2.2,3"
6,"1.083,6"
3.1,"1.95,3.1"
1.8,"1.8,3.2"
3.4,"1.45,3.4"
8.5,"1.5,3.3"
2.3,"2.3,2.75"
4.5,"1.4,4.5"
4.33,"1.9,3"
4.33,"1.33,4.33"
3,"1.91,3"
5.5,"1.18,5.5"
3,"2.5,2.9"
6,"1.15,6"
2.88,"2.2,2.88"
2.05,"2.05,3"
3.4,"1.615,3.4"
1.65,"1.65,3.1"
12,"1.25,4.5"
3,"2.2,3"
2.5,"2.5,2.8"
2.4,"2.4,3"
3.2,"1.57,3.2"
3.4,"1.55,3.4"
3.75,"1.5,3.75"
2.8,"2.6,2.8"
3.2,"2.2,3.1"
2.25,"2.25,2.88"
1.7,"1.7,3.25"
1.55,"1.55,3.4"
3.8,"1.285,3.8"
2.5,"2.5,2.62"
3.2,"2.35,3"
6,"1.571,3.25"
3.2,"1.727,3.2"
3,"1.91,3"
2.5,"2.5,2.88"
3.75,"1.5,3.75"
2.75,"2.7,2.75"
2.8,"2.4,2.8"
5,"1.62,3.25"
1.8,"1.8,3.25"
2.4,"2.4,2.5"
3.1,"1.8,3.1"
6.5,"1.111,6.5"
2,"2,3"
4,"1.727,3.1"
4.5,"1.8,3.1"
3.1,"2.3,2.8"
2.7,"2.7,2.7"
1.85,"1.85,3.2"
3.2,"1.833,3.2"
3,"2.3,3"
3.1,"2.05,3.1"
7.5,"1.44,3.4"
1.55,"1.55,3.4"
3.25,"1.571,3.25"
2.88,"2.25,2.88"
3.75,"1.4,3.75"
1.9,"1.9,3"
1.55,"1.55,3.25"
2.88,"2.4,2.88"
2.88,"2.15,2.88"
2.8,"2.5,2.8"
4.33,"1.285,4.33"
2.88,"1.95,2.88"
5.2,"1.67,3.2"
3.5,"2.05,3"
3.2,"1.75,3.2"
2.6,"2.6,2.75"
3,"1.9,3"
2.75,"2.4,2.75"
2.9,"2.3,2.9"
2.38,"2.38,2.75"
3.4,"1.533,3.4"
1.833,"1.833,3"
3,"1.666,3"
3,"1.75,3"
5.2,"1.73,3"
3.2,"1.65,3.2"
6,"1.6,3.2"
3.5,"2.15,2.87"
3.25,"2.2,2.8"
5,"1.2,5"
3.5,"2,3"
3.25,"2.1,2.88"
2.1,"2.1,3"
3.2,"1.8,3.2"
5,"1.62,3.25"
2.88,"2.2,2.88"
1.45,"1.45,3.6"
4,"1.285,4"
1.8,"1.8,3.2"
2.75,"2.6,2.75"
1.44,"1.44,3.75"
0,"0,0"
2.88,"2.3,2.88"
1.222,"1.222,5.5"
3.6,"1.45,3.6"
3,"2,3"
3.75,"1.909,3"
3,"2.25,3"
1.727,"1.727,3.2"
4.6,"1.67,3.25"
3.8,"1.4,3.8"
3,"2.05,3"
3.2,"2.375,2.8"
5.5,"5.5,13"
1.83,"1.83,3.25"
3.2,"1.85,3.2"
4.5,"1.8,3.25"
1.22,"1.22,5"
3.2,"1.91,3.2"
1.85,"1.85,3.2"
3.75,"1.571,3.75"
3.25,"1.91,3.25"
5.5,"1.33,5.5"
2.1,"2.1,3.5"
3.4,"2.4,3"
2.75,"2.5,2.75"
9.25,"1.36,4.75"
2.1,"2.1,3.4"
3.4,"2,3.4"
2.05,"2.05,3.5"
2.38,"2.38,2.8"
1.87,"1.87,3.5"
2.4,"2.4,3"
2.05,"2.05,3.4"
4,"1.62,4"
1.55,"1.55,4"
4.75,"1.36,4.75"
3.75,"1.78,3.75"
6,"1.28,6"
2,"2,3.5"
2.5,"2.5,2.65"
7,"1.17,7"
4.33,"1.48,4.33"
4.1,"1.95,3.5"
3.4,"2.35,3"
1.87,"1.87,3.4"
5.5,"1.65,3.8"
3.4,"2,3.4"
3.4,"2.3,2.8"
2.25,"2.25,3.4"
3.3,"2.07,3.3"
4.2,"1.57,4.2"
3.6,"1.75,3.6"
3.8,"1.91,3.4"
4.2,"1.78,3.75"
3.4,"2.5,2.7"
3.8,"2.05,3.6"
3.75,"2,3.6"
6.5,"1.2,6.5"
1.8,"1.8,3.75"
2.1,"2.1,3.25"
3.8,"1.57,3.8"
3.1,"2.25,3.1"
2.7,"2.7,2.7"
3.4,"2.1,3.4"
4,"1.9,3.5"
1.75,"1.75,3.75"
1.83,"1.83,3.5"
4.5,"1.4,4.5"
3.4,"2.35,3"
4.5,"1.75,3.75"
4.33,"1.45,4.33"
2.2,"2.2,3"
5.5,"1.53,4"
3.75,"1.75,3.75"
2.2,"2.2,3.4"
3.5,"2.3,3.2"
7.5,"1.15,7.5"
3.5,"2.2,3.3"
2.8,"2.5,2.8"
3.5,"1.9,3.5"
4.5,"1.42,4.5"
1.67,"1.67,3.75"
3.5,"2.4,3"
2.75,"2.65,2.75"
4.2,"1.91,3.6"
1.75,"1.75,4"
3.5,"2.2,3.3"
9.25,"1.29,5"
5,"1.67,3.8"
3.4,"2.2,3.4"
2.2,"2.2,3.1"
2.35,"2.35,3.1"
3.6,"2,3.5"
2.65,"2.65,2.88"
2.3,"2.3,3.1"
5.5,"1.62,3.75"
2.6,"2.6,2.75"
3.5,"2.05,3.5"
5.5,"1.31,5.5"
1.22,"1.22,6"
2,"2,3.6"
3.5,"2.15,3.3"
5.25,"1.67,4"
9,"1.4,5"
7.25,"1.36,5"
3.75,"1.72,3.75"
3.6,"1.8,3.6"
3.2,"2.25,3.2"
3.4,"2.55,2.7"
4.33,"1.44,4.33"
3.5,"2.05,3.5"
3.5,"1.83,3.5"
6.5,"1.5,4.1"
7,"1.18,7"
2.5,"2.5,2.65"
3.6,"2.05,3.5"
4.5,"1.55,4.5"
2.65,"2.65,2.7"
2,"2,3.5"
3.5,"2.2,3.2"
7,"1.17,7"
3.75,"1.7,3.75"
3.4,"2.3,2.8"
1.95,"1.95,3.4"
3.5,"2.5,2.65"
2.55,"2.55,2.88"
1.29,"1.29,5.5"
2.3,"2.3,3.1"
4.1,"1.53,4.1"
3.25,"2.38,2.9"
7,"1.17,7"
2.75,"2.35,2.75"
5.5,"1.62,3.75"
6,"1.5,4.33"
3.1,"2.25,3.1"
3,"2.3,3"
3.5,"2.3,3.1"
3.2,"2.25,3.2"
19,"1.15,8"
2,"2,3.4"
3.5,"1.8,3.5"
4,"1.67,4"
7.75,"1.36,4.75"
3.4,"2.4,2.88"
3.4,"2.35,3"
4,"1.62,4"
2.6,"2.55,2.6"
3.4,"2.38,2.85"
2.75,"2.5,2.75"
4.33,"1.8,3.8"
2.9,"2.3,2.9"
4.33,"1.45,4.33"
3.5,"2,3.5"
6.5,"1.48,4.5"
2.55,"2.55,2.63"
3.75,"1.95,3.6"
3.5,"2,3.5"
9.25,"1.29,5.5"
1.28,"1.28,5.5"
3.5,"2.4,2.8"
3.6,"1.7,3.6"
3.3,"1.9,3.3"
3.4,"2.25,2.8"
3.5,"2.4,2.8"
3.3,"2.35,2.9"
17,"1.18,7.5"
3.3,"2.5,2.7"
3,"2.4,3"
4,"1.57,4"
3.4,"2.25,3.1"
1.62,"1.62,3.75"
2.05,"2.05,3.3"
6.25,"1.44,4.33"
3.75,"1.83,3.75"
3.8,"1.72,3.8"
10,"1.11,10"
2.9,"2.5,2.9"
4,"1.62,4"
3.3,"2,3.25"
5,"1.67,3.75"
3.5,"2.15,3.3"
2.3,"2.3,3.1"
3.2,"2.3,3.2"
6.5,"1.18,6.5"
2,"2,3.5"
3.6,"1.91,3.6"
2.5,"2.5,2.7"
2.85,"2.3,2.85"
3.5,"2.15,3.3"
3.8,"1.7,3.8"
3.5,"2.3,2.8"
6.25,"1.4,4.5"
3.8,"1.91,3.8"
3.25,"2.25,3.1"
2.2,"2.2,3"
3.3,"2.5,2.75"
7.25,"1.4,4.5"
1.3,"1.3,5"
4.33,"1.75,3.5"
3.25,"2.1,3.25"
3.2,"2.45,3"
5.5,"1.26,5.5"
1.26,"1.26,6"
4.33,"1.85,3.5"
2.9,"2.4,2.9"
3.4,"2.1,3.2"
2.25,"2.25,3.2"
2.35,"2.35,3"
2.75,"2.65,2.75"
3.75,"1.62,3.75"
7.25,"1.4,4.75"
4.75,"1.4,4.75"
3.2,"2.25,3.2"
3.5,"1.95,3.5"
4.1,"1.5,4.1"
3.1,"2.25,3.1"
2,"2,3.5"
2.25,"2.25,3.1"
3.75,"2.1,3.4"
3.5,"2,3.4"
3.2,"2.25,3.2"
7,"1.19,7"
3.4,"2.5,2.7"
3.75,"2,3.4"
4.33,"1.48,4.33"
3.4,"2.1,3.4"
1.75,"1.75,3.6"
1.62,"1.62,4"
2.05,"2.05,3.4"
5.25,"1.34,5.25"
5.5,"1.62,3.75"
4.33,"1.55,4.33"
2.75,"2.5,2.75"
1.8,"1.8,3.75"
2.6,"2.6,2.63"
2.4,"2.4,3"
10.5,"1.25,5.5"
2.1,"2.1,3.3"
9,"1.12,9"
1.91,"1.91,3.5"
2.6,"2.6,2.75"
3.3,"2.3,2.85"
3.2,"2.25,3.2"
3.6,"2,3.5"
2.9,"2.45,2.9"
2.35,"2.35,3.1"
4.5,"1.8,3.5"
4.75,"1.36,4.75"
1.83,"1.83,3.5"
2.8,"2.6,2.8"
4.4,"1.8,3.75"
3.4,"2.25,3.1"
6,"1.5,4.33"
2,"2,3.5"
3.4,"2,3.4"
2.1,"2.1,3.4"
5.5,"1.3,5.5"
4.2,"1.8,3.6"
3.4,"2,3.4"
3.5,"2.2,3.5"
4.1,"1.55,4.1"
4,"1.91,3.6"
3,"2.25,3"
3.6,"2,3.5"
3.4,"2,3.4"
5.5,"1.3,5.5"
5.5,"1.53,4"
2.3,"2.3,3.1"
6,"1.5,4.33"
3.75,"1.6,3.75"
2.6,"2.6,2.6"
3.1,"2.3,3.1"
3.2,"2.45,3"
3.6,"1.72,3.6"
6,"1.22,6"
2.5,"2.5,2.7"
6.75,"1.4,4.75"
2.05,"2.05,3.4"
3.1,"2.4,3.1"
3.3,"2.05,3.3"
3.25,"2.4,3"
3.3,"2.25,3.3"
3.2,"2.35,3.1"
4.5,"1.45,4.5"
3.4,"2.3,2.95"
3.5,"1.83,3.5"
5.75,"1.57,4"
4.5,"1.45,4.5"
2.05,"2.05,3.5"
1.7,"1.7,3.5"
3.4,"2.4,3"
2.4,"2.4,3"
3.25,"2.25,3.25"
6,"1.2,6"
5,"1.67,4"
3.4,"2.05,3.4"
4.75,"1.44,4.75"
3.4,"2.1,3.4"
3.5,"2.1,3.4"
4.1,"1.62,4.1"
3.3,"2.05,3.3"
2.25,"2.25,3.2"
3.5,"1.8,3.5"
2.9,"2.45,2.9"
4.1,"1.91,3.6"
1.65,"1.65,3.75"
3.2,"2,3.2"
3.4,"1.95,3.4"
3.2,"2.25,3.2"
6.5,"1.16,6.5"
1.83,"1.83,3.5"
4.25,"1.75,3.75"
1.9,"1.9,3.75"
5.5,"1.3,5.5"
2.15,"2.15,3.3"
1.36,"1.36,4.75"
3,"2.15,3"
1.85,"1.85,3.6"
4.33,"1.42,4.33"
1.3,"1.3,5"
3.5,"2,3.5"
2.75,"2.4,2.75"
3,"2.1,3"
3.6,"2.3,2.8"
6.75,"1.44,4.33"
3.6,"2.35,2.6"
3.3,"1.95,3.3"
1.75,"1.75,3.5"
3.2,"2.5,3"
3.6,"2.2,3.1"
3.6,"1.65,3.6"
3.5,"1.75,3.5"
3.1,"2.35,3.1"
3.4,"1.72,3.4"
3.1,"2.55,2.9"
3.4,"2.2,3.2"
3.4,"2.2,3.2"
3.6,"2.1,3.2"
3.3,"2.15,3.3"
4.5,"1.42,4.5"
3.2,"2.35,3.2"
3.2,"2.1,3.2"
4,"1.48,4"
3.25,"2.4,3"
3.2,"2.15,3.2"
3.8,"1.57,3.8"
13,"1.2,6.5"
9,"1.36,4.5"
3.6,"1.75,3.6"
2.5,"2.5,3.1"
3.1,"2.5,3.1"
1.53,"1.53,4"
3.5,"1.8,3.5"
3.8,"2.1,3.3"
2.9,"2.5,2.9"
3.25,"1.95,3.25"
6,"1.57,3.8"
3.2,"2.4,2.88"
3.2,"2.25,3.2"
3.4,"1.91,3.4"
6.5,"1.16,6.5"
3.4,"2.25,3.1"
2.55,"2.55,2.8"
4,"2,3.2"
2.55,"2.55,3.1"
3.8,"2.1,3.25"
3.3,"2,3.3"
4.75,"1.91,3.25"
2.55,"2.55,2.8"
3.75,"2,3.25"
4.75,"1.83,3.25"
3.25,"1.87,3.25"
2.6,"2.6,2.85"
3.25,"2.25,3.1"
1.67,"1.67,3.4"
4.2,"1.8,3.3"
4.5,"1.36,4.5"
1.78,"1.78,3.25"
2.3,"2.3,3.1"
3.25,"2.15,3.25"
3.6,"2.15,3.2"
3.4,"1.72,3.4"
3.75,"2.05,3.25"
2.75,"2.6,2.75"
3.4,"1.75,3.4"
3.5,"1.75,3.5"
4.5,"1.83,3.5"
3.8,"1.55,3.8"
3.2,"1.91,3.2"
3.25,"2.1,3.25"
4.75,"1.7,3.5"
3.4,"1.91,3.4"
5.5,"1.3,5.5"
3.2,"2.15,3.2"
3.2,"2,3.2"
7.5,"1.4,4.25"
3.8,"2.05,3.1"
2.9,"2.45,2.9"
2.95,"2.5,2.95"
3.25,"2.3,3.2"
3.25,"1.91,3.25"
5.5,"1.25,5.5"
3.2,"2.4,3.1"
6.25,"1.6,3.75"
2.3,"2.3,3"
1.62,"1.62,3.75"
2.05,"2.05,3.2"
3.1,"2.45,3.1"
3.1,"2.25,3.1"
4.75,"1.35,4.75"
3.75,"1.53,3.75"
3.4,"1.8,3.4"
3.3,"1.95,3.3"
3.5,"2.3,3.1"
3.6,"1.57,3.6"
4.2,"1.91,3.4"
3.2,"2.3,3.1"
3.1,"2.75,2.75"
2.55,"2.55,2.8"
3,"2.38,3"
2.4,"2.4,3.2"
3,"2.5,3"
6,"1.2,6"
4.75,"1.8,3.4"
3.5,"2.1,3.3"
1.44,"1.44,4"
3.75,"1.6,3.75"
2.8,"2.63,2.8"
3.1,"2.55,3.1"
3.4,"1.75,3.4"
3.4,"1.78,3.4"
1.53,"1.53,3.6"
1.95,"1.95,3.2"
2.05,"2.05,3.3"
3.2,"2.05,3.2"
4.33,"1.42,4.33"
1.73,"1.73,3.5"
6.5,"1.2,6.5"
2.45,"2.45,2.9"
3.1,"2.7,2.8"
3.5,"1.75,3.5"
3.25,"2.2,3.25"
2.9,"2.55,2.9"
1.91,"1.91,3.25"
3.1,"2.4,3"
3.5,"2.3,3.1"
2.4,"2.4,3.1"
11,"1.26,5"
3.2,"2.45,3"
2.3,"2.3,3.1"
4.2,"1.95,3.3"
5.5,"1.22,5.5"
6,"1.6,3.8"
2.8,"2.55,2.8"
2.25,"2.25,3.2"
4.2,"1.48,4.2"
2,"2,3.2"
4.2,"1.91,3.3"
2.2,"2.2,3.2"
6,"1.57,3.8"
4.2,"2.05,3.3"
6.25,"1.44,4.33"
3.1,"2.4,3.1"
3.1,"2.45,3.1"
3.5,"1.6,3.5"
3.3,"2.25,3.1"
2.75,"2.55,2.75"
3.3,"1.87,3.3"
2.88,"2.6,2.88"
3.1,"1.95,3.1"
4,"1.48,4"
3.75,"1.65,3.75"
3.5,"1.72,3.5"
3.7,"2.1,3.2"
3.1,"1.95,3.1"
4,"1.42,4"
4.75,"1.34,4.75"
3.25,"2,3.25"
3.4,"1.7,3.4"
4.5,"1.8,3.4"
2.2,"2.2,3.1"
5,"1.33,5"
2.5,"2.5,3"
1.9,"1.9,3.3"
3,"2.6,2.7"
2.2,"2.2,3.2"
4.75,"1.91,3.2"
1.85,"1.85,3.3"
3.2,"2.2,3.2"
8.5,"1.13,8.5"
3.2,"2.25,3.2"
3.25,"2.2,3.1"
2.9,"2.6,2.9"
3,"2.7,2.8"
7,"1.15,7"
3.8,"2.05,3.3"
2.45,"2.45,3"
3.75,"2.05,3.2"
3.75,"2.1,3.1"
5,"1.73,3.5"
2,"2,3.1"
3.25,"1.78,3.25"
9,"1.36,4.75"
3.5,"1.67,3.5"
4.2,"1.45,4.2"
3.8,"2.15,3.3"
1.25,"1.25,5.75"
2.9,"2.65,2.9"
3.2,"1.91,3.2"
3.5,"1.65,3.5"
3.1,"2.45,3"
3.4,"1.78,3.4"
5,"1.75,3.4"
2.9,"2.4,2.9"
4,"1.91,3.25"
8,"1.36,4.5"
4,"1.5,4"
1.83,"1.83,3.3"
11.5,"1.2,6.5"
1.87,"1.87,3.1"
2.38,"2.38,2.85"
4.5,"1.4,4.5"
3.75,"2.25,3.1"
3.3,"1.91,3.3"
3.3,"2.15,3.1"
1.45,"1.45,4.2"
3.2,"2,3.2"
3,"2.45,3"
3,"2.7,2.8"
3.2,"1.87,3.2"
3.75,"1.5,3.75"
4.5,"1.9,3.5"
3,"2.5,3"
6,"1.25,6"
3.2,"2.3,3.1"
4,"1.95,3.2"
6.5,"1.6,3.6"
3.5,"2.2,3"
1.36,"1.36,4.5"
3.4,"1.87,3.4"
4,"2,3.1"
3,"2.55,3"
3.1,"2.3,3.1"
4,"1.48,4"
3.5,"1.67,3.5"
3.75,"1.55,3.75"
6,"1.23,6"
3.2,"2.05,3.2"
5,"1.75,3.5"
2.05,"2.05,3.3"
2.4,"2.4,3"
3.2,"2.4,3"
4,"1.45,4"
4.5,"1.75,3.4"
3.2,"2.25,3.2"
3.1,"2.5,2.95"
3.1,"2.6,3"
3.1,"2.25,3.1"
2.05,"2.05,3"
4.33,"1.35,4.33"
3.6,"1.6,3.6"
5.75,"1.67,3.5"
3,"2.35,3"
2.2,"2.2,3.2"
2.85,"2.5,2.85"
1.78,"1.78,3.4"
7,"1.16,7"
5,"1.73,3.5"
2.05,"2.05,3.2"
3.5,"2.05,3.1"
3.1,"2.75,2.9"
2.9,"2.5,2.9"
3,"2.5,3"
2.1,"2.1,3.1"
4.75,"1.33,4.75"
3.8,"2.05,3.3"
5,"1.3,5"
3.4,"2.2,3.1"
3.5,"1.67,3.5"
3.2,"2,3.2"
3.4,"1.75,3.4"
4,"1.45,4"
4,"1.85,3.4"
3.8,"2,3.2"
2.25,"2.25,3.1"
7.75,"1.44,4.2"
3.25,"1.95,3.25"
3.1,"2.25,3.1"
5,"1.8,3.4"
2.55,"2.55,3.1"
3.1,"2.3,3.1"
1.91,"1.91,3.2"
3,"2.38,3"
3,"2.8,2.85"
4.75,"1.73,3.5"
4.2,"1.91,3.3"
5,"1.35,5"
1.45,"1.45,4"
9.75,"1.29,5.25"
1.91,"1.91,3.3"
6,"1.22,6"
6,"1.6,3.75"
3.25,"1.83,3.25"
3.1,"2.3,3.1"
2.4,"2.4,3.1"
3.2,"1.91,3.2"
3.2,"2.6,2.8"
2.3,"2.3,3.1"
2.8,"2.63,2.8"
2.15,"2.15,3.1"
8,"1.48,4"
3.1,"2.05,3.1"
2.4,"2.4,2.88"
3.1,"2.75,2.85"
2.55,"2.55,2.9"
4.2,"1.91,3.1"
4.5,"1.36,4.5"
7.25,"1.4,4.4"
3.1,"2.25,3.1"
4.75,"1.75,3.4"
1.75,"1.75,3.6"
3,"2.7,2.85"
5,"1.72,3.5"
1.57,"1.57,3.6"
2.85,"2.75,2.85"
4.33,"1.85,3.4"
4,"1.45,4"
9.25,"1.36,4.6"
1.95,"1.95,3.4"
3.2,"1.95,3.2"
4.33,"1.78,3.4"
2.9,"2.7,2.9"
3.1,"2.5,3.1"
2.2,"2.2,3.2"
3.6,"1.6,3.6"
2.4,"2.4,3"
3.2,"1.87,3.2"
4.75,"1.35,4.75"
3.4,"2.3,3.1"
3.75,"2.05,3.1"
2.5,"2.5,3"
4.33,"1.83,3.4"
5.75,"1.25,5.75"
2.6,"2.6,2.88"
4,"1.42,4"
7.5,"1.53,3.75"
2.85,"2.6,2.85"
2.2,"2.2,3"
2,"2,3.3"
3.25,"1.9,3.25"
3.6,"1.6,3.6"
2.4,"2.4,2.9"
3.2,"2.3,3.1"
3.2,"2.45,2.8"
3.5,"1.83,3.5"
3,"2.35,3"
2.1,"2.1,3.1"
5.5,"1.65,3.75"
3.6,"1.8,3.6"
3.2,"2,3.2"
3.25,"2.3,3.2"
3.4,"2.25,3.2"
4.5,"1.4,4.5"
2.2,"2.2,3.1"
1.9,"1.9,3.3"
6.5,"1.18,6.5"
2.7,"2.6,2.7"
2.25,"2.25,3"
7.75,"1.4,4.25"
3.5,"2.15,3.2"
3.4,"1.91,3.4"
3.3,"2.05,3.3"
3.3,"1.91,3.3"
3.75,"2,3.4"
3.4,"1.78,3.4"
4.2,"1.45,4.2"
1.44,"1.44,4.33"
1.7,"1.7,3.6"
4.33,"1.44,4.33"
3.2,"2.25,3.2"
3.1,"2.45,2.88"
3.4,"1.87,3.4"
3.8,"1.65,3.8"
3.9,"1.9,3.4"
2.75,"2.5,2.75"
6,"1.55,3.9"
1.25,"1.25,6.25"
3.3,"2.15,3.3"
2.5,"2.5,2.7"
3.5,"1.8,3.5"
3.6,"1.83,3.6"
2.6,"2.6,2.63"
1.57,"1.57,3.8"
1.65,"1.65,3.75"
4.33,"1.83,3.5"
2.85,"2.4,2.85"
3.8,"2,3.5"
3,"2.25,3"
5,"1.62,3.75"
4.2,"1.42,4.2"
4.5,"1.7,3.75"
4.25,"1.75,3.6"
5.5,"1.28,5.5"
2.05,"2.05,3.4"
1.87,"1.87,3.6"
7.5,"1.18,7.5"
3.9,"1.6,3.9"
2.7,"2.55,2.7"
3.2,"2.05,3.2"
3.3,"2.45,2.75"
3.5,"2.05,3.5"
9,"1.1,9"
3.4,"1.91,3.4"
3.4,"2.2,3.2"
3.2,"2.1,3.2"
11,"1.08,11"
1.5,"1.5,4"
3.4,"2.05,3.4"
4.2,"1.6,4.2"
5,"1.36,5"
5.75,"1.25,5.75"
2.2,"2.2,3.1"
2.55,"2.55,2.88"
3.4,"2.3,3.2"
3.2,"2.35,3.2"
5,"1.36,5"
5.75,"1.57,4.2"
3.6,"2.05,3.3"
5.5,"1.33,5.5"
3.3,"2.3,3.3"
6,"1.62,3.6"
1.72,"1.72,3.75"
2.15,"2.15,3.2"
4.33,"1.5,4.33"
3.75,"1.65,3.75"
1.8,"1.8,3.5"
2.05,"2.05,3.2"
2.35,"2.35,3"
1.48,"1.48,4.2"
7.5,"1.53,4.2"
3.75,"2.25,3.3"
9.75,"1.25,6"
3.8,"2,3.3"
14,"1.18,7.5"
1.5,"1.5,4.5"
3.8,"1.6,3.8"
3.75,"2.05,3.3"
3.75,"1.62,3.75"
12,"1.08,12"
5.75,"1.57,3.8"
2.3,"2.3,3"
1.57,"1.57,3.9"
1.33,"1.33,5"
3.6,"1.8,3.6"
3.4,"2.25,3.1"
3.6,"1.72,3.6"
5,"1.36,5"
2.95,"2.4,2.95"
7,"1.57,3.75"
4,"1.75,4"
8.5,"1.14,8.5"
2.7,"2.4,2.7"
4.75,"1.62,4"
2.6,"2.6,2.65"
3.2,"2.38,2.75"
2.1,"2.1,3.4"
2.63,"2.6,2.63"
4.2,"2.05,3.2"
3.6,"2.15,3.1"
4.75,"1.8,3.4"
3.5,"1.83,3.5"
3.2,"2.6,2.75"
8.75,"1.25,6.5"
2.45,"2.45,3"
3.25,"2.45,2.8"
6.5,"1.22,6.5"
4.4,"1.42,4.4"
2.25,"2.25,3.3"
3.75,"2,3.6"
9,"1.12,9"
2.95,"2.38,2.95"
12.5,"1.17,7.5"
4.75,"1.36,4.75"
3.7,"2.05,3.4"
3.4,"1.83,3.4"
5,"1.36,5"
1.57,"1.57,4"
4.5,"1.5,4.5"
3.2,"2.2,3.2"
2.2,"2.2,3"
3.75,"2.15,3.1"
3.75,"2.4,3"
4.75,"1.36,4.75"
4,"1.91,3.4"
6,"1.53,3.75"
3.5,"1.91,3.5"
3.4,"2.1,3.4"
2.3,"2.3,3.1"
6.5,"1.2,6.5"
1.11,"1.11,8.5"
10.5,"1.2,7"
2.1,"2.1,3.2"
3.3,"2.4,2.9"
3.1,"2.65,2.75"
3.1,"2.4,3.1"
2.1,"2.1,3.4"
2.05,"2.05,3.2"
3.4,"2.35,3.1"
12.5,"1.14,7.5"
6,"1.6,3.8"
4,"2.05,3.2"
3.75,"1.6,3.75"
15,"1.08,15"
2.3,"2.3,2.75"
12,"1.28,5.5"
3.6,"1.8,3.6"
5.25,"1.67,4"
3.5,"1.83,3.5"
4.2,"1.5,4.2"
7,"1.25,7"
11.5,"1.18,6.5"
2.15,"2.15,3"
4,"2,3.2"
3.75,"1.67,3.75"
3.3,"2.55,2.8"
4.5,"1.5,4.5"
3.8,"2.1,3.3"
3.75,"1.73,3.75"
1.67,"1.67,4"
3.7,"1.73,3.7"
2.8,"2.63,2.8"
8.25,"1.29,6"
7,"1.2,7"
4,"1.85,3.6"
4.5,"1.44,4.5"
5.5,"1.53,4.33"
2.4,"2.4,3"
1.4,"1.4,4.5"
6.5,"1.57,3.75"
3.1,"2.1,3.1"
12,"1.11,12"
12,"1.1,12"
2,"2,3.4"
3.1,"2.2,3.1"
3.75,"1.7,3.75"
3.2,"2.1,3.2"
2.9,"2.62,2.9"
13.5,"1.17,7.5"
3.5,"2.3,3.2"
1.22,"1.22,6.5"
3.3,"2.2,3.3"
4.5,"1.5,4.5"
1.65,"1.65,4"
3.6,"1.75,3.6"
9,"1.4,4.5"
3,"2.5,3"
3.2,"2.3,3.2"
1.5,"1.5,4.5"
15,"1.07,15"
3.4,"2.05,3.3"
2.5,"2.5,2.95"
2.3,"2.3,3.1"
3.4,"2.25,3.1"
2.9,"2.5,2.9"
3.3,"2.45,3.1"
5,"1.36,5"
6.5,"1.2,6.5"
1.75,"1.75,3.6"
3.1,"2.4,2.9"
1.57,"1.57,4.1"
3.8,"1.7,3.8"
1.85,"1.85,3.4"
2.2,"2.2,3.2"
5.25,"1.33,5.25"
4.33,"1.57,4.33"
3,"2.6,3"
3.75,"2.2,3.1"
2.7,"2.7,2.7"
3.1,"2.3,3.1"
2.5,"2.5,2.9"
11,"1.08,11"
3.9,"1.85,3.4"
1.53,"1.53,3.8"
4.33,"1.6,4.33"
2.7,"2.7,2.75"
1.73,"1.73,3.75"
3,"2.65,3"
3.25,"2.7,2.7"
1.91,"1.91,3.5"
5,"1.33,5"
3.8,"1.7,3.8"
7,"1.2,7"
3.2,"2.2,3.2"
10,"1.22,6.5"
13,"1.18,7.5"
3.6,"1.75,3.6"
6,"1.28,6"
17,"1.14,8"
15.5,"1.17,7"
3.6,"1.8,3.6"
5,"1.3,5"
3.75,"2.1,3.2"
3.5,"1.75,3.5"
3.4,"2.3,3.2"
3.3,"2.2,3.3"
3.2,"2.5,2.85"
1.8,"1.8,3.5"
4.2,"1.5,4.2"
6.5,"1.57,3.8"
3.25,"1.95,3.25"
7,"1.2,7"
3.1,"2.4,3.1"
7,"1.22,7"
3.4,"2.38,3.1"
3.8,"1.62,3.8"
3.2,"2.75,2.8"
6,"1.3,6"
3.25,"2.15,3.25"
3.4,"2.45,2.9"
3.1,"2.3,3"
2.9,"2.6,2.9"
5.25,"1.33,5.25"
7.75,"1.33,5.25"
2.3,"2.3,3.1"
2.65,"2.63,2.65"
3.3,"2.05,3.3"
3.2,"2.75,2.8"
3,"2.45,3"
2.63,"2.63,2.7"
2.1,"2.1,3.3"
13,"1.08,13"
5,"1.36,5"
15,"1.05,15"
3.25,"2.1,3.25"
4.5,"1.44,4.5"
3.4,"2.2,3.2"
2.2,"2.2,3.1"
3.1,"2.5,3.1"
6.5,"1.22,6.5"
1.11,"1.11,10"
3.8,"1.95,3.25"
3.1,"2.3,3.1"
3.5,"1.91,3.5"
12,"1.18,7"
3.3,"2.5,2.75"
4.75,"1.36,4.75"
3.1,"2.3,3.1"
3.8,"1.57,3.8"
3.4,"2.25,3.2"
16.5,"1.17,7.5"
3.6,"1.75,3.6"
3.75,"1.75,3.75"
3,"2.38,3"
13,"1.25,7"
2.45,"2.45,2.8"
4,"1.62,4"
7,"1.53,4.2"
3.3,"2.15,3.3"
4.75,"1.44,4.75"
3.4,"2.15,3.4"
3.2,"2.6,2.75"
3.4,"2.05,3.4"
6,"1.67,3.75"
15,"1.07,15"
3.3,"2.25,3.3"
3.5,"1.95,3.5"
2.5,"2.5,3.1"
4.5,"1.42,4.5"
2.1,"2.1,3.4"
16.5,"1.14,8.5"
2.15,"2.15,3.1"
3.3,"2,3.3"
2,"2,3.3"
3.75,"1.57,3.75"
13,"1.07,13"
4.75,"1.4,4.75"
2.35,"2.35,3.2"
3.9,"2,3.4"
4,"1.5,4"
5,"1.3,5"
4.33,"1.95,3.25"
3.3,"2.25,3.3"
3.4,"2.55,2.8"
4.5,"1.7,4.5"
2.8,"2.5,2.8"
3.75,"1.67,3.75"
2.1,"2.1,3.4"
2.6,"2.6,2.9"
2.15,"2.15,3.25"
7.75,"1.4,4.5"
4.2,"2,3.4"
3.75,"1.75,3.75"
8,"1.4,5"
3.1,"2.3,3.1"
11,"1.08,11"
3.6,"2.05,3.5"
5.75,"1.67,3.6"
5.25,"1.33,5.25"
3.1,"2.38,2.95"
4.2,"1.83,3.6"
13,"1.05,13"
2.3,"2.3,3"
5.5,"1.7,3.4"
11.5,"1.2,7"
2.8,"2.55,2.8"
2.3,"2.3,3.1"
1.57,"1.57,3.6"
3.1,"2.4,3.1"
3.6,"1.8,3.6"
2,"2,3.4"
13,"1.07,13"
1.55,"1.55,4.5"
2.4,"2.4,3.1"
3.2,"2.5,2.88"
2.05,"2.05,3.3"
4.5,"1.87,3.6"
5,"1.33,5"
2.6,"2.6,2.8"
3.75,"1.65,3.75"
7,"1.22,7"
4.75,"1.85,3.5"
8.5,"1.17,8.5"
3.3,"2.2,3.3"
1.85,"1.85,3.6"
3.8,"1.8,3.8"
11,"1.3,5.25"
3.1,"2.65,2.9"
4.25,"1.91,3.5"
7,"1.19,7"
10.5,"1.25,6"
2.2,"2.2,3.2"
2.5,"2.5,2.85"
3.2,"2.25,3.2"
5.5,"1.57,4.33"
5.25,"1.72,3.6"
5.25,"1.4,5.25"
5.25,"1.33,5.25"
5.5,"1.67,3.8"
17,"1.05,17"
3.5,"1.83,3.5"
3.75,"1.72,3.75"
6,"1.57,4"
3.2,"2.25,3.2"
13,"1.08,13"
3.5,"2.2,3.3"
2.6,"2.6,3"
1.91,"1.91,3.6"
3.7,"1.9,3.7"
8.5,"1.44,4.5"
34,"1.08,11"
2.1,"2.1,3.3"
3.5,"2.05,3.5"
4.5,"1.78,3.8"
2.1,"2.1,3.25"
1.62,"1.62,3.8"
6.5,"1.22,6.5"
2.05,"2.05,3.4"
2.85,"2.7,2.85"
6.5,"1.57,3.8"
15,"1.06,15"
4.5,"1.45,4.5"
8,"1.4,4.75"
2.6,"2.6,2.8"
2.5,"2.5,2.8"
1.53,"1.53,3.8"
5,"1.36,5"
3.5,"1.95,3.5"
4.75,"1.75,3.6"
4.5,"1.75,3.75"
3.3,"2.1,3.3"
6.75,"1.5,4.33"
3.5,"2.1,3.2"
3.6,"1.75,3.6"
6,"1.25,6"
2.25,"2.25,3.3"
5.25,"1.55,4.2"
3.6,"1.85,3.6"
4.75,"1.67,4.2"
4,"1.72,4"
11,"1.26,6"
4,"1.7,4"
5,"1.35,5"
2.3,"2.3,2.5"
4,"1.95,3.5"
3.1,"2.1,3.1"
9,"1.12,9"
1.85,"1.85,3.8"
4,"2,3.6"
5,"1.36,5"
3.9,"1.7,3.9"
1.95,"1.95,3.5"
1.65,"1.65,4"
3,"2.55,3"
12,"1.29,6"
3.3,"2.7,2.88"
2.3,"2.3,3.4"
1.67,"1.67,4"
1.73,"1.73,3.8"
4.33,"1.95,3.6"
3.1,"2.5,3.1"
1.95,"1.95,3.6"
3.75,"1.8,3.75"
3.4,"2.3,3.4"
3.4,"2.25,3.4"
1.73,"1.73,3.9"
2.1,"2.1,3.5"
1.45,"1.45,4.75"
1.85,"1.85,3.6"
3.6,"2.63,2.75"
5.25,"1.36,5.25"
3.3,"2.3,3.3"
3.4,"2.1,3.4"
3.2,"2.38,3.2"
1.73,"1.73,4"
3.3,"2.75,2.8"
1.62,"1.62,4"
4,"1.75,4"
3.5,"1.91,3.5"
3.6,"2.2,3.4"
11,"1.36,5"
9,"1.36,5.5"
1.2,"1.2,8"
1.62,"1.62,4.2"
4.5,"1.95,3.4"
3.5,"2,3.5"
2.05,"2.05,3.5"
3.6,"2.25,3.3"
1.29,"1.29,6"
1.67,"1.67,4.2"
4,"2,3.6"
2,"2,3.4"
2.4,"2.4,3.2"
2.75,"2.75,2.75"
3.2,"2.5,3.2"
1.91,"1.91,3.75"
1.95,"1.95,3.6"
2.25,"2.25,3.4"
3.5,"2.3,3.25"
1.7,"1.7,4"
2.45,"2.45,3"
11,"1.29,6.5"
3.1,"2.5,3.1"
3.4,"2.5,3"
3.4,"2.3,3.4"
4,"1.67,4"
2.5,"2.5,3.1"
2,"2,3.6"
1.8,"1.8,4"
1.53,"1.53,4.33"
1.2,"1.2,7.5"
4.2,"1.62,4.2"
2.05,"2.05,3.4"
2.55,"2.55,3"
4.2,"1.91,3.8"
3.5,"2.25,3.4"
3.1,"2.5,3.1"
2.5,"2.5,3.1"
3.1,"2.5,3.1"
3.5,"2.1,3.5"
4.8,"1.83,3.7"
1.83,"1.83,3.6"
1.25,"1.25,7"
3.3,"2.3,3.3"
3.4,"2.4,3.2"
2,"2,3.8"
3.4,"2.7,2.8"
3.25,"2.75,2.8"
1.33,"1.33,5.75"
4,"2,3.6"
2.38,"2.38,3.25"
1.33,"1.33,5.75"
4,"1.75,4"
3.5,"2.5,3"
1.62,"1.62,4.2"
2.05,"2.05,3.4"
2.6,"2.6,2.88"
4.2,"2.05,3.4"
1.44,"1.44,4.75"
2.6,"2.6,3"
2.2,"2.2,3.4"
4.2,"2,3.5"
4,"2.1,3.3"
4,"1.95,3.8"
2.25,"2.25,3.4"
3.6,"2.05,3.6"
3.5,"2.6,2.8"
2.6,"2.6,2.9"
3.75,"2.1,3.5"
3.5,"2.1,3.5"
1.29,"1.29,6"
3.4,"2.4,3.2"
1.75,"1.75,4"
2.6,"2.6,2.9"
2.6,"2.6,2.9"
1.5,"1.5,4.5"
1.55,"1.55,4.33"
1.44,"1.44,4.75"
3.4,"2.25,3.4"
1.85,"1.85,3.8"
1.33,"1.33,5.25"
2.45,"2.45,3.1"
3.8,"2.05,3.6"
1.8,"1.8,3.8"
3.5,"2.6,2.8"
4,"1.73,4"
5,"1.44,5"
6,"1.67,3.8"
1.4,"1.4,5"
1.57,"1.57,4.2"
5.5,"1.7,4"
2.5,"2.5,2.88"
7,"1.57,4"
3.6,"1.91,3.6"
2,"2,3.4"
7,"1.53,4.33"
1.57,"1.57,4.2"
7,"1.57,4"
2.8,"2.75,2.8"
3.6,"2.5,2.9"
1.7,"1.7,3.9"
3.5,"2.4,3.1"
1.6,"1.6,4.33"
3.2,"2.45,3.2"
1.44,"1.44,4.75"
4.2,"1.62,4.2"
3.4,"2.6,2.9"
3.5,"2.05,3.5"
1.29,"1.29,6"
9.5,"1.36,5.25"
4.5,"1.44,4.5"
4.5,"1.5,4.5"
5.25,"1.7,4"
2.75,"2.7,2.75"
2.15,"2.15,3.5"
3.6,"1.85,3.6"
5.75,"1.62,4.33"
3.6,"2.1,3.6"
3.4,"2.3,3.4"
2.6,"2.6,3"
1.3,"1.3,6"
3.5,"2.55,2.9"
2.63,"2.63,2.9"
3.3,"2.63,2.9"
1.57,"1.57,4.2"
4.75,"1.4,4.75"
9,"1.36,5.5"
3.2,"2.35,3.2"
1.33,"1.33,5.25"
3.6,"2.1,3.6"
8.5,"1.45,4.5"
3.5,"2.05,3.5"
2.8,"2.7,2.8"
3.2,"2.5,3.2"
3,"2.55,3"
3.4,"2.1,3.4"
4.2,"1.95,3.6"
2.45,"2.45,3"
3.25,"2.63,2.75"
3.3,"2.4,3"
4.5,"1.44,4.5"
1.91,"1.91,3.8"
1.2,"1.2,7"
2.2,"2.2,3.2"
3.6,"2.05,3.5"
3.25,"2.3,3.2"
1.91,"1.91,3.4"
1.4,"1.4,4.75"
1.44,"1.44,4.75"
3.4,"2.1,3.4"
4.2,"1.95,3.6"
3.3,"2.6,3"
2.05,"2.05,3.6"
2.1,"2.1,3.5"
2.2,"2.2,3.25"
3.6,"2.2,3.4"
4,"1.85,4"
1.7,"1.7,3.9"
1.29,"1.29,6.5"
3.75,"1.91,3.75"
1.55,"1.55,4.2"
3.2,"2.4,3.2"
2.5,"2.5,3.2"
1.75,"1.75,4"
2.8,"2.8,2.8"
4,"2.05,3.5"
2.1,"2.1,3.5"
3.5,"2.63,2.8"
3.2,"2.45,3.2"
4,"2,3.6"
3.7,"1.8,3.7"
4.5,"1.44,4.5"
3.4,"2.6,2.88"
4.75,"1.53,4.75"
1.95,"1.95,3.5"
2.05,"2.05,3.3"
5.25,"1.8,3.6"
5.25,"1.75,3.8"
3.4,"2.2,3.4"
1.91,"1.91,3.6"
3.75,"1.83,3.75"
1.4,"1.4,5.25"
2.5,"2.5,3"
1.73,"1.73,3.75"
1.36,"1.36,5.25"
3.5,"2.3,3.25"
3.6,"1.95,3.6"
2.38,"2.38,3.25"
2.15,"2.15,3.5"
2.1,"2.1,3.5"
4.75,"1.91,3.5"
1.95,"1.95,3.5"
3.4,"2.5,3"
2.05,"2.05,3.5"
3.3,"2.1,3.3"
4,"1.73,4"
3.9,"2.1,3.5"
5.5,"1.73,3.8"
3.75,"1.75,3.75"
3.2,"2.45,3.2"
2.63,"2.63,2.88"
1.7,"1.7,3.75"
1.85,"1.85,3.75"
1.45,"1.45,4.75"
3.1,"2.63,3.1"
1.91,"1.91,3.5"
1.65,"1.65,4.2"
3.5,"1.95,3.5"
2.45,"2.45,3.2"
4.75,"1.44,4.75"
6,"1.62,4.2"
2.15,"2.15,3.4"
1.73,"1.73,3.8"
2.8,"2.7,2.8"
3.3,"2.25,3.3"
1.5,"1.5,4.33"
2.1,"2.1,3.5"
3.3,"2.15,3.3"
4.1,"2.05,3.4"
1.44,"1.44,4.75"
3.6,"2.25,3.3"
7.5,"1.53,4.2"
3.4,"2.38,3.25"
5.25,"1.75,3.75"
2.5,"2.5,3.2"
1.75,"1.75,4"
1.85,"1.85,3.6"
3.6,"2.1,3.6"
1.5,"1.5,4.33"
2.5,"2.5,2.8"
1.62,"1.62,3.75"
3.25,"2.38,3"
2.6,"2.6,2.8"
1.8,"1.8,3.5"
1.4,"1.4,4.2"
3,"2.38,3"
1.91,"1.91,3.6"
2.9,"2.7,2.9"
3.8,"1.73,3.8"
1.7,"1.7,4"
3.3,"2.5,3.1"
10,"1.36,5.25"
2.63,"2.63,2.88"
1.67,"1.67,3.8"
2,"2,3.5"
4,"2,3.6"
4.5,"1.5,4.5"
5,"1.73,4"
1.22,"1.22,7"
2.88,"2.63,2.88"
4,"1.6,4"
2.05,"2.05,3.5"
3.4,"2.38,3.25"
2.55,"2.55,3"
2.1,"2.1,3.5"
4.33,"2,3.4"
1.95,"1.95,3.5"
4.2,"1.6,4.2"
2.9,"2.7,2.9"
1.5,"1.5,4.5"
1.57,"1.57,4.33"
3.8,"1.75,3.8"
2.5,"2.5,3"
2.7,"2.7,2.7"
1.67,"1.67,3.8"
3.3,"2.4,3.25"
3.6,"2.25,3.3"
4.75,"1.83,3.75"
3.5,"2.1,3.5"
2.63,"2.63,2.88"
1.53,"1.53,4.33"
1.36,"1.36,5.25"
1.57,"1.57,4.33"
2.1,"2.1,3.6"
3.4,"2.5,3"
2.2,"2.2,3.4"
3.4,"2.2,3.4"
3.3,"2.1,3.3"
3.6,"1.95,3.6"
2.25,"2.25,3.4"
2.1,"2.1,3.5"
2.2,"2.2,3.2"
2.05,"2.05,3.4"
1.33,"1.33,5"
1.53,"1.53,4"
3.75,"2,3.4"
3.3,"2.15,3.3"
3.5,"2,3.5"
1.55,"1.55,4"
2.1,"2.1,3.4"
1.91,"1.91,3.5"
3.4,"2.6,2.9"
2.7,"2.7,2.75"
3.4,"2.7,2.8"
1.22,"1.22,7"
2.3,"2.3,3.4"
3.25,"2.4,3.25"
3.4,"2.4,3.2"
5.75,"1.33,5.75"
2.15,"2.15,3.5"
3.6,"1.95,3.6"
1.85,"1.85,3.75"
4.5,"1.57,4.5"
1.73,"1.73,4"
1.53,"1.53,4.33"
1.57,"1.57,4.33"
1.29,"1.29,6"
1.53,"1.53,4.2"
2.4,"2.4,3.1"
4.5,"1.57,4.5"
1.3,"1.3,6"
1.75,"1.75,3.7"
4,"1.8,4"
7,"1.22,7"
1.29,"1.29,6.5"
2,"2,3.8"
2,"2,3.6"
3.3,"2.75,2.8"
1.7,"1.7,3.8"
2.1,"2.1,3.4"
3.4,"2.1,3.4"
2.8,"2.7,2.8"
3.1,"2.4,3.1"
3.6,"2.63,2.75"
4.2,"1.65,4.2"
3.6,"1.95,3.6"
2.05,"2.05,3.5"
1.91,"1.91,4"
1.91,"1.91,3.6"
3,"2.45,3"
8,"1.44,4.75"
1.5,"1.5,4.5"
3.6,"2.5,2.9"
3.9,"2.05,3.6"
3,"2.45,3"
3.8,"2,3.8"
1.83,"1.83,3.75"
1.75,"1.75,4"
1.17,"1.17,9"
3.75,"2.3,3.1"
1.8,"1.8,4"
4.5,"1.8,4"
1.36,"1.36,5.5"
3.5,"2.15,3.5"
4.75,"1.53,4.75"
3.75,"2.05,3.7"
3.6,"2.4,3"
1.67,"1.67,4.2"
3.4,"1.95,3.4"
6,"1.65,3.75"
11,"1.09,11"
3,"2.55,3"
4,"1.67,4"
17,"1.2,6.5"
5,"1.75,3.8"
3.5,"1.95,3.5"
1.57,"1.57,3.75"
1.7,"1.7,3.75"
3.5,"2.2,3.2"
3.4,"2.25,3.1"
3.2,"2.6,2.75"
1.53,"1.53,3.6"
3,"2.5,3"
7,"1.2,7"
3.75,"2.15,3.2"
6.5,"1.5,4.33"
3.4,"1.9,3.4"
2.8,"2.55,2.8"
3.75,"2,3.4"
1.07,"1.07,12"
5.5,"1.73,3.3"
2.4,"2.4,3.1"
15,"1.06,15"
4.33,"1.57,4.33"
2.2,"2.2,3.25"
3.4,"2.15,3.25"
3.2,"2.2,3.2"
1.7,"1.7,4.2"
5,"1.78,3.75"
6.5,"1.2,6.5"
2.35,"2.35,2.95"
3.25,"2.1,3.25"
13.5,"1.18,7"
3.6,"1.85,3.6"
8.25,"1.36,5.5"
2.6,"2.6,2.9"
3.5,"1.9,3.5"
3.5,"2.2,3"
3.4,"1.8,3.4"
4.5,"1.5,4.5"
5.5,"1.62,4"
4,"1.57,4"
4,"1.85,3.5"
15,"1.25,7"
3.5,"2.05,3.5"
2.15,"2.15,3.25"
2.95,"2.6,2.95"
3.75,"1.55,3.75"
3.1,"2.55,2.9"
3.4,"2.1,3.4"
3.2,"2.55,3"
1.36,"1.36,5"
11.5,"1.22,6.5"
5.5,"1.19,5.5"
2.35,"2.35,3.3"
2.75,"2.6,2.75"
4.33,"1.4,4.33"
3.3,"2.05,3.3"
3.5,"1.78,3.5"
2.4,"2.4,3"
3.4,"1.91,3.4"
2.8,"2.6,2.8"
4.33,"1.4,4.33"
4.75,"1.4,4.75"
2.63,"2.6,2.63"
3,"2.5,3"
26,"1.09,11"
4.25,"1.85,3.5"
4.2,"2,3.4"
10,"1.12,10"
10,"1.11,10"
8.25,"1.36,5.25"
3.5,"2.25,3.2"
3,"2.6,3"
3.6,"1.75,3.6"
3.6,"2.1,3.4"
3.4,"1.85,3.4"
1.75,"1.75,3.6"
2.6,"2.6,3.1"
3.8,"2,3.4"
3.6,"2.1,3.4"
3.75,"1.62,3.75"
7.25,"1.4,5.25"
3.6,"1.75,3.6"
3.3,"1.83,3.3"
7,"1.26,7"
3.5,"1.95,3.5"
3.8,"1.7,3.8"
2.65,"2.65,2.88"
13,"1.22,6.5"
6,"1.22,6"
17,"1.04,17"
1.95,"1.95,3.6"
8.5,"1.36,5"
2.2,"2.2,3.25"
3.2,"2.5,3.1"
3.2,"2.3,3.2"
2.55,"2.55,2.9"
3.6,"1.72,3.6"
2.8,"2.55,2.8"
3.5,"1.95,3.5"
2.25,"2.25,3.2"
3.6,"1.67,3.6"
3.4,"2.25,3.2"
2.5,"2.5,2.85"
13,"1.07,13"
5,"1.62,4.2"
4.2,"1.53,4.2"
3.4,"2.35,3.1"
2.5,"2.5,2.9"
21,"1.12,9"
3.25,"2.3,3.1"
3.4,"2.2,3.4"
2.45,"2.45,3.1"
3.3,"2.1,3.3"
3.3,"2.2,3.3"
8.5,"1.34,5.5"
3.5,"1.87,3.5"
3.4,"1.95,3.4"
3.4,"1.83,3.4"
3.25,"2,3.25"
13,"1.07,13"
3.75,"1.75,3.75"
4,"1.53,4"
10,"1.3,5.25"
1.44,"1.44,4.75"
1.53,"1.53,4"
3.4,"2.55,2.8"
15,"1.25,6"
4.2,"1.87,4.2"
3.5,"1.8,3.5"
2.25,"2.25,2.9"
3,"2.5,3"
3.4,"1.85,3.4"
3.1,"2.35,3.1"
3.3,"2.05,3.3"
5,"1.78,3.6"
3.1,"2.5,2.95"
5.75,"1.65,4"
4.75,"1.75,3.5"
13,"1.18,7.5"
8,"1.16,8"
3.75,"1.91,3.75"
3.25,"2.38,3.2"
2.7,"2.63,2.7"
4.5,"1.87,3.6"
3.75,"1.72,3.75"
3.5,"1.85,3.5"
3.1,"2.35,3.1"
5.5,"1.3,5.5"
3.7,"2,3.4"
4.1,"1.53,4.1"
3.5,"2.2,3.3"
10,"1.1,10"
3.75,"1.55,3.75"
2.88,"2.6,2.88"
3.5,"1.87,3.5"
3.8,"2.05,3.3"
5.25,"1.73,3.5"
3.75,"1.67,3.75"
13,"1.07,13"
2.3,"2.3,3.2"
7.5,"1.57,3.8"
3.25,"2.05,3.25"
3.6,"1.87,3.6"
1.53,"1.53,4.33"
1.95,"1.95,3.5"
6.5,"1.22,6.5"
11,"1.1,11"
2.8,"2.7,2.8"
2.38,"2.38,3.1"
3.75,"1.67,3.75"
3.8,"2,3.4"
3.8,"1.95,3.6"
2.85,"2.6,2.85"
3.6,"1.91,3.6"
2.45,"2.45,3"
3.3,"2.25,3.3"
3.6,"2.2,3.1"
4,"1.57,4"
10,"1.1,10"
1.91,"1.91,3.6"
2.05,"2.05,3.2"
5.25,"1.7,3.6"
11,"1.29,6"
6.5,"1.53,4.33"
3.6,"2,3.6"
2.5,"2.5,2.85"
1.62,"1.62,3.6"
3.25,"2.15,3.25"
2.35,"2.35,3.1"
4.75,"1.35,4.75"
4.75,"1.36,4.75"
1.25,"1.25,6"
3.4,"2.2,3.4"
6.5,"1.25,6.5"
3.4,"2.5,2.8"
5,"1.28,5"
6.5,"1.22,6.5"
2.15,"2.15,3.4"
1.87,"1.87,3.6"
6,"1.65,3.8"
5.25,"1.33,5.25"
2.15,"2.15,3.3"
3.4,"2.38,2.95"
2.8,"2.63,2.8"
9.5,"1.3,5.5"
3.6,"1.65,3.6"
2.9,"2.5,2.9"
13,"1.22,6.5"
4.5,"1.36,4.5"
3.2,"2.1,3.2"
1.83,"1.83,3.4"
4.75,"1.78,3.5"
4.2,"1.57,4.2"
3.2,"2.5,2.6"
2,"2,3.1"
8,"1.17,8"
4.5,"1.48,4.5"
7.25,"1.5,4"
11,"1.09,11"
4.2,"1.5,4.2"
1.9,"1.9,3.3"
3.25,"2.3,3.25"
3.5,"2,3.5"
4.33,"1.53,4.33"
2.65,"2.65,2.7"
3.1,"2.7,2.88"
3.9,"2.05,3.4"
3.4,"2.05,3.4"
3.1,"2.5,3.1"
4.5,"1.45,4.5"
2.95,"2.38,2.95"
3.8,"1.6,3.8"
2.63,"2.63,2.65"
4.75,"1.67,3.75"
1.95,"1.95,3.5"
4.5,"1.83,3.5"
3.6,"1.75,3.6"
15,"1.06,15"
4.33,"1.91,3.4"
3.2,"2.65,2.8"
4,"2.05,3.4"
21,"1.16,9"
1.65,"1.65,3.75"
3.8,"1.67,3.8"
2.55,"2.55,2.88"
8.5,"1.14,8.5"
5,"1.67,4"
3.4,"1.83,3.4"
3.6,"1.75,3.6"
3.6,"1.78,3.6"
4.5,"1.42,4.5"
4,"1.57,4"
2.5,"2.5,2.88"
1.95,"1.95,3.4"
3.7,"2.05,3.2"
3.4,"2.2,3.3"
7,"1.5,4"
2,"2,3.3"
8,"1.4,4.75"
6.5,"1.45,4.33"
2.7,"2.7,2.75"
6.5,"1.22,6.5"
9,"1.12,9"
2.15,"2.15,3.3"
2.1,"2.1,3.4"
3.4,"2.6,2.75"
3.2,"2.55,2.9"
5,"1.67,4"
4.33,"1.45,4.33"
4.2,"1.91,3.5"
3.8,"1.67,3.8"
9.5,"1.14,9.5"
2.2,"2.2,3.3"
3.3,"2.4,3"
3.5,"2,3.5"
3.2,"2.2,3.2"
5.5,"1.75,3.5"
6,"1.57,4"
5.5,"1.75,3.4"
1.83,"1.83,3.6"
12.5,"1.2,7.5"
10,"1.12,10"
8.5,"1.26,5.5"
3.4,"1.85,3.4"
3.5,"1.95,3.5"
4.2,"1.5,4.2"
4.75,"1.35,4.75"
2.6,"2.6,2.7"
1.42,"1.42,4.5"
7,"1.25,7"
6.5,"1.62,4"
8.75,"1.33,5.25"
2.65,"2.6,2.65"
3.75,"1.85,3.75"
3.5,"2,3.5"
3.2,"2.25,3.2"
3.1,"2.15,3.1"
5.25,"1.36,5.25"
4.33,"1.78,3.8"
4.33,"1.5,4.33"
2.25,"2.25,3.25"
3.5,"2.1,3.4"
3.5,"2.05,3.5"
3.3,"2.05,3.3"
4.75,"1.48,4.75"
4.5,"1.48,4.5"
8,"1.17,8"
6.5,"1.18,6.5"
3.2,"2.2,3.2"
7,"1.4,5"
3.2,"2.55,2.63"
2.75,"2.45,2.75"
2.1,"2.1,3.2"
2.75,"2.5,2.75"
3,"2.55,2.9"
8,"1.19,8"
5.5,"1.75,3.6"
3.4,"2.25,3.3"
2.8,"2.5,2.8"
3.6,"1.67,3.6"
2.05,"2.05,3.4"
3.8,"2,3.5"
2.05,"2.05,3.2"
4,"1.62,4"
2.55,"2.55,2.75"
1.45,"1.45,4.1"
3.9,"1.95,3.5"
3.6,"2.15,3.4"
17,"1.03,17"
7.25,"1.4,4.75"
3.6,"1.65,3.6"
2.55,"2.55,2.7"
2.7,"2.6,2.7"
4.5,"1.36,4.5"
5.5,"1.36,5.5"
4.75,"1.44,4.75"
15,"1.18,7.5"
4.6,"1.73,3.6"
9,"1.16,9"
7.5,"1.16,7.5"
2.15,"2.15,3.2"
4.25,"1.8,3.7"
3.3,"2,3.3"
1.95,"1.95,3.6"
3.6,"1.91,3.6"
5.5,"1.6,4"
5.25,"1.28,5.25"
8.5,"1.16,8.5"
18.5,"1.13,9"
4.75,"1.55,4.75"
3.5,"1.8,3.5"
2,"2,3.4"
4.5,"1.42,4.5"
6.5,"1.22,6.5"
3.8,"1.65,3.8"
2.35,"2.35,3"
3.8,"1.75,3.8"
3.4,"1.78,3.4"
8.5,"1.45,4.2"
1.57,"1.57,3.75"
2,"2,3.5"
23,"1.08,11"
8,"1.19,8"
6.5,"1.55,4.1"
6.5,"1.55,4.33"
11,"1.2,7"
4.6,"1.73,4"
4,"1.75,4"
3.75,"2.05,3.25"
9,"1.15,9"
2.8,"2.45,2.8"
3.5,"2,3.5"
15,"1.05,15"
1.75,"1.75,3.75"
11.5,"1.22,7"
3,"2.3,3"
2.2,"2.2,3.5"
3,"2.5,3"
3.6,"2.15,3.5"
2.2,"2.2,3.5"
2.38,"2.38,3.1"
3.4,"2.38,3.25"
2.2,"2.2,3.4"
3.6,"2.15,3.6"
1.65,"1.65,4.1"
3,"2.5,3"
3.4,"2.15,3.4"
3.5,"2.4,3.1"
3.4,"2.3,3.4"
3.5,"2.2,3.5"
2.05,"2.05,3.5"
3.5,"2.4,3.1"
3.4,"2.38,3.2"
2.7,"2.7,2.88"
4.5,"1.62,4.5"
1.8,"1.8,3.75"
2.1,"2.1,3.6"
3,"2.5,3"
3.4,"2.6,2.88"
3.4,"2.2,3.4"
2.9,"2.63,2.9"
2.05,"2.05,3.5"
2.5,"2.5,3"
4.33,"1.95,3.5"
2.3,"2.3,3.3"
2.75,"2.75,2.75"
2.3,"2.3,3.4"
2.05,"2.05,3.5"
1.7,"1.7,4"
2.5,"2.5,3"
2.3,"2.3,3.3"
3.5,"2.2,3.5"
3.4,"2.5,3"
2.9,"2.6,2.9"
3.9,"1.83,3.9"
2.6,"2.6,2.8"
2.55,"2.55,2.9"
2.63,"2.63,2.9"
2.15,"2.15,3.5"
3.4,"2.4,3.2"
2.3,"2.3,3.25"
3,"2.45,3"
4.33,"1.85,3.9"
3.8,"2.05,3.6"
2.1,"2.1,3.5"
3.6,"2.3,3.2"
2.8,"2.6,2.8"
3.5,"2.25,3.4"
2.5,"2.5,3"
2.38,"2.38,3.2"
2.63,"2.63,2.88"
3.5,"2.7,2.7"
2.2,"2.2,3.4"
2.7,"2.7,2.75"
3.8,"2.05,3.6"
1.91,"1.91,3.6"
2.2,"2.2,3.4"
2.3,"2.3,3.25"
2.1,"2.1,3.6"
1.73,"1.73,4"
2.38,"2.38,3.1"
2.4,"2.4,3"
5.5,"1.67,4.1"
1.6,"1.6,4"
3.6,"2.5,2.88"
1.65,"1.65,4"
2.6,"2.6,2.8"
3.5,"2.6,2.8"
4.5,"1.85,3.75"
2.95,"2.5,2.95"
3.75,"1.95,3.75"
2,"2,3.6"
3.1,"2.45,3.1"
2.1,"2.1,3.6"
1.57,"1.57,4.2"
3.6,"2,3.6"
2.1,"2.1,3.6"
2.1,"2.1,3.6"
3.75,"1.91,3.75"
3.6,"2.1,3.6"
2.8,"2.75,2.8"
3.5,"2.45,3"
2.38,"2.38,3.1"
2.2,"2.2,3.4"
2.3,"2.3,3.2"
1.95,"1.95,3.7"
2,"2,3.6"
3,"2.6,3"
3.7,"2.05,3.7"
3.5,"2.3,3.25"
2.4,"2.4,3"
2.4,"2.4,3.1"
2.5,"2.5,2.95"
3.9,"2.2,3.2"
4.5,"1.85,3.8"
2.35,"2.35,3.2"
2.2,"2.2,3.5"
2.63,"2.63,2.7"
1.53,"1.53,4.33"
1.91,"1.91,3.6"
2.15,"2.15,3.5"
2.9,"2.6,2.9"
1.85,"1.85,3.8"
3.4,"2.7,2.8"
1.85,"1.85,3.75"
3.3,"2.2,3.3"
2.88,"2.6,2.88"
3.4,"2.25,3.4"
2.55,"2.55,2.88"
3.25,"2.3,3.25"
3.5,"2.45,3"
1.91,"1.91,3.6"
4,"1.8,4"
2.3,"2.3,3.4"
2.75,"2.75,2.88"
1.83,"1.83,3.8"
2.2,"2.2,3.3"
1.65,"1.65,3.75"
2.35,"2.35,3"
1.65,"1.65,3.75"
2,"2,3.5"
3.3,"2.2,3.3"
1.8,"1.8,3.5"
2.05,"2.05,3.3"
2,"2,3.25"
2.35,"2.35,3"
1.95,"1.95,3.4"
2.6,"2.6,2.6"
2.38,"2.38,3.1"
3.5,"2.2,3.5"
2.5,"2.5,3"
2.8,"2.5,2.8"
2.3,"2.3,3.2"
3.1,"2.4,3.1"
3.1,"2.38,3.1"
1.62,"1.62,4.2"
2.5,"2.5,2.8"
1.8,"1.8,3.9"
4.6,"1.5,4.6"
3.2,"2.45,3.2"
3.3,"2.3,3.3"
3.4,"2.25,3.4"
3,"2.4,3"
2.15,"2.15,3.5"
3.6,"2.25,3.25"
3.5,"1.95,3.5"
1.67,"1.67,4.2"
4,"2,3.6"
2.05,"2.05,3.75"
3,"2.5,3"
3.7,"2.15,3.4"
2.63,"2.63,2.88"
3.5,"2.38,3.1"
1.7,"1.7,4"
3.6,"2.5,2.9"
3.8,"2,3.8"
7,"1.5,4.75"
3.75,"2.1,3.6"
3.5,"2.2,3.5"
2.35,"2.35,3.1"
2.4,"2.4,3.1"
3.7,"2.1,3.6"
2.6,"2.6,2.8"
2.7,"2.7,2.8"
3.75,"1.9,3.75"
1.8,"1.8,4"
3.5,"2.54,2.87"
2.75,"2.75,2.75"
3.79,"1.8,3.79"
3.75,"1.75,3.75"
2.29,"2.29,3.2"
3.5,"2.1,3.5"
3.39,"2.5,3"
3.39,"2.45,3.1"
4.2,"1.95,3.6"
3.1,"2.35,3.1"
2.04,"2.04,3.6"
3.7,"2.35,3"
1.95,"1.95,3.79"
2.2,"2.2,3.29"
3.5,"2.62,2.79"
3.79,"1.75,3.79"
3.75,"2,3.75"
3.5,"2.35,3.2"
2.39,"2.39,3.1"
2.95,"2.62,2.95"
3.6,"2.04,3.6"
2.87,"2.6,2.87"
3.39,"2.29,3.39"
2.54,"2.54,2.87"
3.5,"2.6,2.79"
1.8,"1.8,4.2"
3.7,"2.1,3.6"
4,"2.04,3.5"
3.5,"2.1,3.5"
2.2,"2.2,3.39"
1.95,"1.95,3.79"
4,"1.95,3.75"
3.6,"2.29,3.2"
3.75,"1.9,3.75"
3.6,"2.14,3.5"
3.29,"2.25,3.29"
3.79,"1.85,3.79"
2.29,"2.29,3.25"
2.62,"2.62,2.79"
2.62,"2.62,2.89"
1.7,"1.7,4.09"
1.8,"1.8,3.75"
2.04,"2.04,3.6"
2.04,"2.04,3.5"
1.8,"1.8,3.79"
2.14,"2.14,3.5"
2.54,"2.54,2.87"
3.5,"2.29,3.25"
2.2,"2.2,3.39"
3,"2.5,3"
3.1,"2.37,3.1"
3.2,"2.45,3.2"
1.7,"1.7,4.2"
3,"2.5,3"
3.79,"2.04,3.6"
2.5,"2.5,3"
3.6,"2.04,3.6"
3.75,"1.95,3.75"
3.6,"2.2,3.39"
2.14,"2.14,3.5"
4,"1.72,4"
4,"1.66,4"
1.61,"1.61,4.33"
2.7,"2.6,2.7"
3.6,"2.39,3"
2.2,"2.2,3.39"
4,"1.72,4"
2.1,"2.1,3.6"
3.75,"2.1,3.5"
1.53,"1.53,4.5"
1.85,"1.85,3.79"
2.25,"2.25,3.39"
2.39,"2.39,3.1"
3.5,"2.25,3.39"
1.9,"1.9,3.7"
3.79,"1.8,3.79"
4.75,"1.85,3.6"
3.5,"2.37,3.1"
2.14,"2.14,3.39"
3.6,"2.25,3.25"
2.14,"2.14,3.39"
3.39,"2.25,3.39"
2.29,"2.29,3.2"
2.75,"2.7,2.75"
3,"2.45,3"
2.04,"2.04,3.5"
2.95,"2.54,2.95"
1.9,"1.9,3.79"
1.57,"1.57,4.33"
2.39,"2.39,3.1"
4.33,"1.55,4.33"
3.5,"1.95,3.5"
1.8,"1.8,3.79"
2.5,"2.5,3.1"
4.2,"1.95,3.7"
2.6,"2.6,2.89"
3.39,"2.39,3.2"
2.6,"2.6,2.89"
1.95,"1.95,3.6"
1.61,"1.61,4.5"
1.75,"1.75,3.75"
3.25,"2.6,3"
3.75,"1.75,3.75"
2.6,"2.6,2.87"
3.5,"2.14,3.5"
2.45,"2.45,3.2"
2.5,"2.5,3"
5.25,"1.75,3.75"
3.5,"2.2,3.5"
2.6,"2.6,2.87"
3.29,"2.54,3"
1.8,"1.8,3.75"
2,"2,3.6"
3,"2.7,3"
1.95,"1.95,3.75"
2,"2,3.5"
2.35,"2.35,3.2"
2.25,"2.25,3.39"
2.7,"2.7,2.75"
3.5,"2.14,3.5"
3.6,"2.29,3.2"
2.39,"2.39,3.1"
1.9,"1.9,3.79"
2.75,"2.62,2.75"
1.5,"1.5,4.5"
3.75,"2,3.75"
2.89,"2.6,2.89"
3.75,"2.1,3.6"
2.5,"2.5,3"
3.5,"2.1,3.5"
1.75,"1.75,3.79"
2.79,"2.7,2.79"
1.89,"1.89,3.75"
1.83,"1.83,3.89"
2.35,"2.35,3.25"
2.39,"2.39,3.2"
2.2,"2.2,3.29"
2.89,"2.6,2.89"
2.89,"2.62,2.89"
1.72,"1.72,4"
3.25,"2.29,3.25"
5,"1.8,3.7"
3.2,"2.35,3.2"
3.2,"2.79,2.79"
1.9,"1.9,3.7"
3.1,"2.45,3.1"
5,"1.72,4"
2.29,"2.29,3.29"
3,"2.6,3"
2.7,"2.7,2.79"
3.39,"2.37,3.25"
3.39,"2.6,2.87"
3.75,"1.75,3.75"
1.66,"1.66,4.09"
1.9,"1.9,3.7"
1.95,"1.95,3.39"
2.39,"2.39,3.29"
3.5,"2.1,3.5"
3.6,"2,3.6"
2.2,"2.2,3.39"
2.04,"2.04,3.5"
3.2,"2.39,3.2"
1.39,"1.39,5"
2.39,"2.39,3.1"
4.2,"2,3.5"
3.25,"2.79,2.79"
2.87,"2.54,2.87"
3.6,"1.9,3.6"
5.5,"1.72,3.75"
1.8,"1.8,3.79"
3.75,"1.83,3.75"
2.75,"2.7,2.75"
3.2,"2.37,3.2"
1.9,"1.9,3.7"
2.37,"2.37,3.29"
3.5,"2.25,3.39"
1.72,"1.72,3.89"
1.85,"1.85,3.5"
1.9,"1.9,3.6"
4,"1.9,4"
2.5,"2.5,3"
2.54,"2.54,3"
1.83,"1.83,3.79"
1.85,"1.85,3.75"
3.1,"2.54,3.1"
2.37,"2.37,3.29"
4.2,"1.95,3.6"
3.39,"2.39,3.2"
3.5,"2.39,3.1"
1.6,"1.6,4.2"
1.75,"1.75,3.79"
1.66,"1.66,4.09"
3.6,"1.85,3.6"
2.04,"2.04,3.6"
2.54,"2.54,3"
2.29,"2.29,3.29"
3.29,"2.39,3.25"
3.6,"2,3.5"
3.29,"2.25,3.2"
2.14,"2.14,3.29"
3.25,"2.2,3.25"
2.2,"2.2,3.29"
3.25,"2.6,2.7"
3.39,"2.04,3.39"
3.75,"1.75,3.75"
2.14,"2.14,3.25"
1.75,"1.75,3.89"
2.79,"2.64,2.79"
2.6,"2.6,2.87"
2.54,"2.54,2.95"
2.1,"2.1,3.6"
1.61,"1.61,4"
2.1,"2.1,3.39"
2,"2,3.6"
2.25,"2.25,3.39"
2.45,"2.45,3.1"
3.39,"2.29,3.39"
2.14,"2.14,3.39"
1.8,"1.8,3.79"
2.7,"2.7,2.75"
3.39,"2.35,3.29"
2.87,"2.5,2.87"
2.45,"2.45,3"
3.5,"2.29,3.29"
3.5,"2.6,2.79"
2.2,"2.2,3.39"
2,"2,3.6"
2.75,"2.75,2.75"
2.89,"2.6,2.89"
2.75,"2.75,2.75"
2.1,"2.1,3.5"
3.39,"2.2,3.39"
3.75,"2.1,3.6"
2.7,"2.7,2.7"
2.79,"2.6,2.79"
5.75,"1.66,4"
4,"1.72,4"
3.39,"2.29,3.29"
1.85,"1.85,3.79"
3.5,"2.39,3.1"
5.25,"1.66,4.2"
2.37,"2.37,3.1"
3.6,"2.14,3.5"
3.5,"2.14,3.5"
2,"2,3.75"
1.85,"1.85,3.75"
3.39,"2.5,3"
3.29,"2.5,3.1"
3.5,"2.1,3.5"
2.14,"2.14,3.39"
2.1,"2.1,3.39"
3.5,"2.1,3.5"
3.5,"2.6,2.79"
2.29,"2.29,3.2"
3.29,"2.75,2.79"
5.25,"1.75,3.79"
3.5,"2,3.5"
3.5,"2.2,3.5"
3.5,"2.14,3.5"
3.6,"2,3.6"
2.75,"2.75,2.75"
3.25,"2.45,3.25"
3.39,"2.2,3.39"
3.6,"2.14,3.5"
1.85,"1.85,3.79"
2.29,"2.29,3.39"
3,"2.5,3"
3.39,"2,3.39"
3.79,"1.75,3.79"
4.2,"1.95,3.6"
2.5,"2.5,3"
1.72,"1.72,3.75"
2.79,"2.62,2.79"
3.39,"2.14,3.39"
3.25,"2.79,2.79"
3.39,"2.2,3.39"
2.29,"2.29,3.39"
3.39,"2.5,3"
3.2,"2.39,3.2"
2.14,"2.14,3.5"
3.39,"2.2,3.39"
1.8,"1.8,3.75"
2.35,"2.35,3.25"
3,"2.5,3"
3.89,"2.1,3.39"
1.6,"1.6,4.33"
3.39,"2.1,3.39"
3.29,"2.25,3.29"
2.7,"2.7,2.79"
3.75,"1.83,3.75"
3.6,"2.14,3.5"
2.5,"2.5,3"
2.1,"2.1,3.5"
3.39,"2.25,3.39"
3.75,"2.1,3.5"
3.39,"2.39,3.2"
1.83,"1.83,3.6"
3.2,"2.39,3.2"
3.2,"2.62,3"
3.39,"2.75,2.75"
2.14,"2.14,3.5"
3.75,"1.83,3.75"
2.25,"2.25,3.39"
2.79,"2.7,2.79"
5.5,"1.72,3.79"
3.5,"2.25,3.39"
3.39,"2.6,2.89"
2.54,"2.54,2.89"
2.5,"2.5,3"
1.83,"1.83,3.75"
2.37,"2.37,3.2"
1.66,"1.66,4"
2.14,"2.14,3.39"
3.79,"2.1,3.5"
1.8,"1.8,3.79"
2.62,"2.62,2.89"
2.25,"2.25,3.39"
4.5,"1.9,3.6"
3.5,"2.2,3.5"
2.79,"2.79,2.79"
3.75,"2.14,3.39"
3.6,"2.29,3.2"
1.8,"1.8,3.75"
3.29,"2.62,2.89"
3.29,"2.54,3"
4,"1.72,4"
4,"1.75,4"
4,"1.95,3.75"
2.37,"2.37,3.29"
3.1,"2.5,3.1"
2.04,"2.04,3.5"
3.29,"2.62,2.89"
1.44,"1.44,4.75"
3.5,"2.2,3.5"
3.1,"2.39,3.1"
3.6,"2.25,3.25"
2.87,"2.62,2.87"
1.7,"1.7,3.79"
1.53,"1.53,4.33"
2,"2,3.7"
3.5,"2.37,3.1"
1.64,"1.64,4"
2.29,"2.29,3.39"
2.75,"2.6,2.75"
3.7,"1.9,3.7"
2.29,"2.29,3.25"
3.79,"1.8,3.79"
2.14,"2.14,3.5"
1.7,"1.7,3.75"
3.79,"1.95,3.79"
1.66,"1.66,4"
5.25,"1.75,3.75"
4,"2,3.6"
3,"2.6,3"
3.5,"2.29,3.25"
3.6,"2.14,3.5"
2.89,"2.79,2.89"
2.5,"2.5,3"
2.39,"2.39,3.2"
1.72,"1.72,4"
3.39,"2.5,3"
3,"2.39,3"
3.29,"2.37,3.29"
1.44,"1.44,4.75"
2.87,"2.7,2.87"
2.5,"2.5,3"
2.89,"2.6,2.89"
3.5,"2.14,3.5"
1.95,"1.95,3.6"
2.87,"2.62,2.87"
1.61,"1.61,4.2"
2.25,"2.25,3.39"
3.5,"2.25,3.39"
2.39,"2.1,2.39"
2.87,"2.45,2.87"
2.5,"2.5,2.89"
3.25,"2.25,3.25"
4.5,"1.5,4.5"
4.5,"1.53,4.5"
3.6,"2.1,3.6"
3.29,"2.25,3.29"
1.64,"1.64,4.5"
3.25,"2.3,3.25"
2,"2,3.6"
3.6,"2.2,3.4"
3.4,"2.3,3.4"
3.6,"2.25,3.3"
2.14,"2.14,3.5"
2.3,"2.3,3.3"
3,"2.5,3"
3.2,"2.37,3.2"
2,"2,3.5"
2.62,"2.62,2.8"
3.4,"2.6,2.9"
3.3,"2.2,3.3"
2.6,"2.6,3"
2.37,"2.37,3.25"
4.5,"1.95,3.5"
2.1,"2.1,3.3"
2.3,"2.3,3.3"
2.8,"2.8,2.8"
3.4,"2.6,2.87"
3.3,"2.37,3.3"
3.3,"2.7,2.87"
3.75,"2.14,3.4"
3.5,"1.85,3.5"
3.5,"2.6,2.8"
4,"1.66,4"
2.3,"2.3,3.2"
2.14,"2.14,3.5"
3.4,"2.62,2.87"
2.45,"2.45,3"
1.9,"1.9,3.5"
3.4,"2.2,3.4"
1.95,"1.95,3.5"
2.3,"2.3,3.3"
2.62,"2.62,2.8"
1.83,"1.83,3.6"
4,"2.1,3.4"
2.25,"2.25,3.3"
2.5,"2.5,3.1"
2.8,"2.7,2.8"
3.2,"2.37,3.2"
3.3,"2.04,3.3"
2.3,"2.3,3.4"
3.5,"2.2,3.5"
3.3,"2.2,3.3"
2.4,"2.4,3.1"
2.1,"2.1,3.4"
3.2,"2.4,3.2"
2.2,"2.2,3.4"
3.4,"2.2,3.4"
3.6,"2.25,3.3"
2.87,"2.7,2.87"
3.2,"2.4,3.2"
3.4,"2.7,2.75"
3.4,"2.4,3.2"
1.72,"1.72,3.9"
2.87,"2.62,2.87"
2.5,"2.5,2.9"
3.6,"2.14,3.5"
4,"1.75,4"
3.4,"2.37,3.2"
1.44,"1.44,4.75"
2.62,"2.62,3"
3.1,"2.5,3.1"
1.85,"1.85,3.75"
3.6,"2.2,3.4"
1.8,"1.8,3.75"
3.4,"2.6,2.9"
4.5,"1.9,3.6"
4.5,"1.5,4.5"
3.3,"2.37,3.3"
3.3,"2.37,3.3"
3.4,"2.5,3"
4.75,"1.44,4.75"
2,"2,3.6"
3.8,"1.9,3.8"
2.1,"2.1,3.5"
2.5,"2.5,3"
2.45,"2.45,3.1"
3.3,"2.1,3.3"
3.6,"2.5,2.87"
3.2,"2.3,3.2"
3.75,"1.9,3.75"
3.1,"2.45,3.1"
4.75,"1.85,3.7"
2.5,"2.5,3"
3.6,"2.14,3.5"
4,"1.95,3.75"
3.6,"2.04,3.6"
1.85,"1.85,3.8"
2.75,"2.62,2.75"
2.5,"2.5,3"
1.83,"1.83,3.75"
2.5,"2.5,3.1"
2.54,"2.54,2.87"
3.5,"2.3,3.3"
2.5,"2.5,3.1"
3.4,"2.5,3"
2.45,"2.45,3.1"
1.9,"1.9,3.75"
1.7,"1.7,3.75"
2.2,"2.2,3.1"
3.1,"2.37,3.1"
4,"1.66,4"
3.1,"2.4,3.1"
2,"2,3.5"
2.14,"2.14,3.4"
2.14,"2.14,3.5"
3.4,"2.6,2.87"
3.6,"1.95,3.6"
3.5,"2.62,2.8"
1.95,"1.95,3.75"
3.8,"1.95,3.8"
3.5,"2.45,3"
2.14,"2.14,3.4"
2.6,"2.6,2.8"
3.75,"1.75,3.75"
2.75,"2.62,2.75"
2.4,"2.4,3.2"
2.9,"2.5,2.9"
4.33,"1.95,3.6"
5.5,"1.33,5.5"
3,"2.5,3"
2.4,"2.4,3.2"
3.6,"2.2,3.4"
2.14,"2.14,3.5"
3.6,"2.35,3.1"
3.1,"2.45,3.1"
3.8,"2,3.8"
3.3,"2.75,2.8"
3.5,"2.14,3.5"
1.95,"1.95,3.6"
3.75,"2.04,3.7"
4,"2.1,3.4"
4.75,"1.8,3.8"
1.61,"1.61,4.33"
2.1,"2.1,3.5"
3,"2.45,3"
7,"1.5,4.75"
2.3,"2.3,3.3"
3.75,"1.85,3.75"
2.8,"2.75,2.8"
1.9,"1.9,3.6"
2.37,"2.37,3.2"
2.1,"2.1,3.6"
2.2,"2.2,3.4"
2.37,"2.37,3.1"
2.62,"2.62,2.9"
2.3,"2.3,3.2"
2.04,"2.04,3.75"
2.7,"2.62,2.7"
2.62,"2.62,2.62"
2,"2,3.6"
2.4,"2.4,3.1"
3.5,"2.5,2.87"
3.5,"2.14,3.5"
4,"1.72,4"
1.75,"1.75,4"
3.1,"2.2,3.1"
2.2,"2.2,3.5"
1.85,"1.85,3.5"
2.7,"2.7,2.87"
4,"2,3.6"
2.25,"2.25,3.3"
1.85,"1.85,3.75"
2.3,"2.3,3.4"
2.5,"2.5,3"
4,"1.95,3.8"
3,"2.5,3"
1.66,"1.66,4.2"
2.14,"2.14,3.25"
2.5,"2.5,2.9"
3.6,"1.8,3.6"
3.6,"2.25,3.3"
2,"2,3.6"
2.87,"2.62,2.87"
3.4,"2.4,3.2"
2.04,"2.04,3.5"
1.53,"1.53,4.33"
2.9,"2.45,2.9"
2.5,"2.5,3"
2.75,"2.75,2.8"
2.1,"2.1,3.5"
2.75,"2.75,2.8"
2.45,"2.45,2.87"
3.6,"2.14,3.6"
2.04,"2.04,3.5"
2.4,"2.4,3.1"
3.2,"2.54,3.1"
1.72,"1.72,3.9"
4.33,"2,3.4"
1.75,"1.75,3.8"
2.3,"2.3,3.4"
3.5,"2,3.5"
2.9,"2.62,2.9"
1.9,"1.9,3.8"
3.6,"2.3,3.2"
3.6,"2.5,2.87"
2.8,"2.62,2.8"
2.8,"2.54,2.8"
2.8,"2.7,2.8"
2.4,"2.4,3.1"
2.04,"2.04,3.6"
3.75,"2.1,3.5"
2.37,"2.37,3.25"
1.9,"1.9,3.75"
3.5,"2.14,3.5"
1.53,"1.53,4.5"
2.04,"2.04,3.7"
4.2,"1.66,4.2"
2.4,"2.4,3.25"
3.7,"2.1,3.6"
4,"1.75,4"
3.6,"2.37,3.1"
2.54,"2.54,2.87"
3.9,"1.85,3.9"
2.7,"2.7,2.87"
3.4,"2.25,3.4"
1.9,"1.9,3.75"
1.85,"1.85,4"
2.87,"2.6,2.87"
2.04,"2.04,3.6"
2.1,"2.1,3.5"
3.5,"2.1,3.5"
2.87,"2.7,2.87"
3.9,"2.04,3.5"
4,"2,3.6"
3,"2.5,3"
2.14,"2.14,3.4"
2.5,"2.5,3"
1.36,"1.36,5.5"
2.5,"2.5,3"
2.2,"2.2,3.3"
1.55,"1.55,4.2"
1.85,"1.85,3.6"
1.95,"1.95,3.6"
2.7,"2.7,2.75"
3.3,"2.6,3"
2.6,"2.6,3"
2.5,"2.5,3.1"
2.3,"2.3,3.4"
1.53,"1.53,4.5"
4,"2.04,3.5"
3.5,"2.37,3.1"
1.7,"1.7,3.8"
3.5,"2.2,3.5"
2.8,"2.62,2.8"
4.2,"1.9,3.75"
5.25,"1.75,3.75"
3.3,"2.37,3.3"
2.8,"2.75,2.8"
2.1,"2.1,3.5"
2.1,"2.1,3.5"
1.66,"1.66,4.2"
3,"2.6,3"
3.4,"2.5,3"
2.1,"2.1,3.6"
4.5,"1.85,3.8"
3.6,"2.04,3.6"
2.45,"2.45,3.2"
1.7,"1.7,3.9"
2.3,"2.3,3.3"
2.2,"2.2,3.4"
2.45,"2.45,3.1"
1.75,"1.75,4"
3.7,"2.04,3.7"
1.66,"1.66,4.1"
3.8,"1.8,3.8"
2.7,"2.7,2.8"
2,"2,3.75"
2.14,"2.14,3.5"
3.3,"2.3,3.3"
3.5,"2.14,3.5"
2.45,"2.45,3.2"
2,"2,3.5"
1.61,"1.61,4.33"
2.04,"2.04,3.6"
2.7,"2.7,2.75"
2.87,"2.54,2.87"
4.75,"1.8,3.8"
4.5,"1.85,3.8"
2.2,"2.2,3.4"
1.64,"1.64,4.33"
1.57,"1.57,4.2"
3,"2.45,3"
4.2,"1.85,3.6"
3.3,"2.2,3.25"
1.66,"1.66,3.6"
3.8,"1.64,3.8"
2,"2,3.25"
1.95,"1.95,3.5"
2.04,"2.04,3.4"
4,"2,3.25"
5.25,"1.66,3.6"
2.87,"2.4,2.87"
3.3,"1.95,3.3"
3.6,"1.72,3.6"
2.37,"2.37,3.2"
2.6,"2.6,2.75"
3.3,"2.5,3.1"
1.83,"1.83,3.75"
1.95,"1.95,3.75"
3.5,"2.14,3.5"
4.5,"1.85,3.75"
3.1,"2.4,3.1"
1.57,"1.57,4.2"
3.4,"2.1,3.4"
1.95,"1.95,3.75"
3,"2.6,3"
3.4,"2.7,2.75"
2.7,"2.6,2.7"
3,"2.5,3"
3.7,"2.3,3.1"
1.55,"1.55,4.2"
5.25,"1.72,3.9"
3.4,"2.15,3.4"
3.7,"2.55,2.75"
2.1,"2.1,3.5"
6.5,"1.61,3.9"
3.25,"2.4,3.25"
4,"2.1,3.3"
3.4,"2.45,3.1"
3.6,"2.25,3.3"
3.2,"2.37,3.2"
1.85,"1.85,3.8"
3.3,"2.5,3.1"
3,"2.45,3"
3.9,"2.1,3.4"
1.9,"1.9,3.75"
3.5,"2.25,3.4"
2.87,"2.6,2.87"
1.8,"1.8,3.8"
3.3,"2.37,3.3"
2.75,"2.7,2.75"
3.6,"2.35,3.1"
3.5,"2,3.5"
2.9,"2.62,2.9"
2.37,"2.37,3"
1.4,"1.4,5.5"
4.2,"1.75,4.2"
3.5,"2.2,3.5"
3.4,"2.2,3.4"
3.6,"2.5,2.9"
2.1,"2.1,3.4"
2.1,"2.1,3.5"
3.3,"2.4,3.25"
2.75,"2.7,2.75"
3.5,"2.4,3.1"
3.6,"2.5,2.87"
2.37,"2.37,3.25"
3.4,"2.37,3.2"
1.44,"1.44,4.75"
3.5,"2.15,3.5"
3.75,"1.8,3.75"
2.7,"2.7,2.87"
4.2,"1.9,3.8"
3.6,"2.1,3.6"
2.2,"2.2,3.5"
3.25,"2.3,3.25"
1.61,"1.61,4"
3.3,"2.3,3.3"
3.5,"2.15,3.5"
2.2,"2.2,3.5"
2.3,"2.3,3.3"
2.87,"2.6,2.87"
3.4,"2.3,3.4"
3.5,"2,3.5"
2,"2,3.6"
1.61,"1.61,4.5"
1.57,"1.57,4.33"
3.5,"2.55,2.9"
3.6,"2.05,3.6"
2.75,"2.7,2.75"
2.87,"2.45,2.87"
1.7,"1.7,4"
3.75,"1.75,3.75"
3.6,"2.15,3.5"
3.9,"1.7,3.9"
1.5,"1.5,4.33"
3.6,"2.25,3.3"
3.75,"1.95,3.75"
1.9,"1.9,3.6"
2.15,"2.15,3.5"
2.6,"2.6,2.8"
3.8,"2.05,3.6"
3.25,"2.6,3"
3.5,"2.05,3.5"
2.7,"2.7,2.87"
3.6,"1.85,3.6"
3.8,"0,3.8"
3.75,"2.1,3.5"
1.53,"1.53,4.2"
3.5,"2.2,3.5"
2.75,"2.75,2.75"
3.1,"2.5,3.1"
2.37,"2.37,3.3"
4,"2.1,3.4"
3.2,"2.4,3.2"
2.3,"2.3,3.2"
3.4,"2.62,2.87"
3.75,"2.1,3.6"
2.7,"2.7,2.8"
4.2,"1.95,3.6"
4,"1.72,4"
3,"2.5,3"
3,"2.5,3"
2.5,"2.5,3.1"
3.6,"1.85,3.6"
3.6,"2.15,3.5"
3.5,"1.9,3.5"
1.45,"1.45,4.75"
1.9,"1.9,3.6"
2.2,"2.2,3.4"
1.65,"1.65,4"
3.4,"1.95,3.4"
1.75,"1.75,3.8"
1.61,"1.61,4"
3.2,"2.4,3.2"
3.4,"2.3,3.4"
3.6,"2.15,3.6"
1.5,"1.5,4.75"
3.5,"2.05,3.5"
2.62,"2.62,2.7"
2.5,"2.5,3"
3,"2.5,3"
4,"1.8,4"
2.87,"2.5,2.87"
2.75,"2.7,2.75"
3.1,"2.5,3.1"
3.6,"2,3.6"
2.9,"2.6,2.9"
3.5,"2.05,3.5"
3.4,"2.6,2.87"
1.8,"1.8,3.8"
2.1,"2.1,3.5"
2.3,"2.3,3.3"
2.6,"2.6,2.9"
2.6,"2.6,2.87"
3.4,"2.45,3.1"
2.3,"2.3,3.25"
2.05,"2.05,3.6"
3.1,"2.45,3.1"
3.5,"2.45,3"
3.2,"2.7,2.9"
2.2,"2.2,3.4"
2,"2,3.5"
5,"1.36,5"
2,"2,3.6"
2.8,"2.62,2.8"
1.61,"1.61,4.2"
2.2,"2.2,3.4"
3.2,"2.4,3.2"
1.5,"1.5,4.33"
3.5,"2.2,3.5"
2.7,"2.7,2.75"
1.9,"1.9,3.6"
3.25,"2.3,3.25"
1.83,"1.83,3.75"
1.95,"1.95,3.6"
3.4,"2.6,2.9"
2.6,"2.6,2.9"
2.4,"2.4,3.25"
1.72,"1.72,4"
1.95,"1.95,3.5"
2.7,"2.7,2.7"
4,"1.72,4"
3.6,"2,3.6"
1.85,"1.85,3.75"
1.66,"1.66,3.8"
1.72,"1.72,3.75"
3.6,"2.37,3.1"
1.95,"1.95,3.6"
3.3,"2.3,3.3"
2.6,"2.6,3"
2,"2,3.6"
3.5,"2.4,3.1"
2.15,"2.15,3.5"
3.2,"2.3,3.2"
3.6,"1.83,3.6"
4.33,"1.55,4.33"
1.95,"1.95,3.75"
2.3,"2.3,3.25"
1.8,"1.8,3.8"
3.4,"1.9,3.4"
2.62,"2.62,2.87"
2.1,"2.1,3.5"
3.5,"2.2,3.5"
3.5,"2.2,3.5"
3.75,"1.83,3.75"
2.25,"2.25,3.3"
2.3,"2.3,3.3"
1.72,"1.72,4"
3.2,"2.37,3.2"
1.95,"1.95,3.5"
3.6,"2.15,3.5"
1.8,"1.8,3.75"
2.6,"2.6,2.87"
3.3,"2.1,3.3"
1.61,"1.61,4.2"
2.45,"2.45,3.1"
3.1,"2.45,3.1"
4.33,"1.75,3.75"
3.3,"2.5,3.1"
1.6,"1.6,4"
2.5,"2.5,3"
1.8,"1.8,3.75"
3.4,"2.7,2.75"
2.5,"2.5,3"
3,"2.6,3"
2.62,"2.62,2.87"
3.3,"2.55,3"
1.85,"1.85,3.6"
3.5,"2.3,3.25"
1.65,"1.65,4"
2.4,"2.4,3.25"
3.5,"2.7,2.7"
4,"2.1,3.3"
1.83,"1.83,3.6"
3.6,"2.2,3.4"
1.83,"1.83,3.75"
1.75,"1.75,3.8"
3.2,"2.5,3.2"
2.87,"2.6,2.87"
2.25,"2.25,3.4"
4.5,"1.72,3.8"
4.33,"1.44,4.33"
2.25,"2.25,3.1"
2.4,"2.4,2.8"
1.36,"1.36,4.75"
4.33,"1.8,3.6"
3.25,"2.45,2.87"
2.1,"2.1,3.4"
3.4,"2.3,3"
2.4,"2.4,2.9"
4.75,"1.8,3.5"
3.4,"2.1,3.4"
2.87,"2.4,2.87"
3.4,"2.2,3.2"
4.5,"1.8,4"
5.75,"1.61,4.33"
3.4,"2.2,3.4"
3.4,"2.2,3.4"
5.5,"1.66,4"
1.72,"1.72,4"
1.9,"1.9,3.75"
1.4,"1.4,5"
1.9,"1.9,3.8"
2.2,"2.2,3.2"
5.25,"1.4,5.25"
3.5,"2.55,2.87"
2.87,"2.5,2.87"
2.2,"2.2,3.5"
1.95,"1.95,3.3"
3.75,"2.05,3.2"
3,"2.37,3"
4.2,"1.9,3.3"
2.9,"2.4,2.9"
2.55,"2.55,2.8"
3.6,"2.15,3.1"
6.5,"1.57,3.6"
3.3,"2.3,3.1"
2.05,"2.05,3.25"
2.87,"2.6,2.87"
5,"1.8,3.25"
4,"2,3.2"
3.5,"2.25,3"
5.25,"1.75,3.3"
2.5,"2.5,3"
3.5,"2.25,3"
4,"2.1,3"
4,"2.05,3.1"
5.25,"1.75,3.3"
2.8,"2.6,2.8"
3.6,"2.05,3.3"
5,"1.75,3.4"
6,"1.61,3.6"
2.37,"2.37,3.1"
2.75,"2.7,2.75"
3.1,"2.37,3.1"
2.75,"2.62,2.75"
2.6,"2.6,2.8"
2.7,"2.7,2.8"
6,"1.61,3.6"
6,"1.6,3.6"
3.6,"2.15,3.1"
5,"1.66,3.5"
3.5,"2.25,3"
3.75,"2.1,3.1"
3,"2.45,3"
3.25,"2.37,3"
4,"2.05,3.1"
2.75,"2.75,2.75"
3.1,"2.4,3.1"
3.7,"2.05,3.3"
3.3,"2.4,2.9"
4.33,"1.85,3.4"
3.2,"2.3,3.2"
2.87,"2.5,2.87"
2.45,"2.45,3"
4.33,"1.85,3.4"
2.75,"2.75,2.75"
3,"2.4,3"
2.6,"2.6,2.7"
5,"1.75,3.4"
2.62,"2.62,2.75"
2.9,"2.5,2.9"
4,"1.95,3.3"
6,"1.6,3.6"
3.75,"2.05,3.2"
4.75,"1.8,3.4"
3.3,"2.3,3.1"
3.2,"2.25,3.2"
4,"1.95,3.3"
3.4,"2.2,3.2"
4.75,"1.75,3.5"
2.9,"2.5,2.9"
2.37,"2.37,3"
2.4,"2.4,3"
3.75,"2.05,3.25"
3.6,"2.05,3.3"
2.62,"2.62,2.75"
3.6,"2.05,3.3"
4.2,"1.85,3.5"
2.9,"2.5,2.9"
3.6,"2.15,3.1"
3.1,"2.37,3.1"
3.8,"1.95,3.3"
4.75,"1.75,3.6"
4.2,"1.95,3.2"
2.62,"2.62,2.75"
4.2,"1.83,3.6"
4.75,"1.75,3.6"
3.8,"2,3.3"
2.75,"2.55,2.75"
6.5,"1.55,3.75"
2.1,"2.1,3.25"
3.1,"2.3,3.1"
3,"2.4,3"
4.5,"1.8,3.5"
2.3,"2.3,3.1"
3.4,"2.2,3.2"
3,"2.4,3"
3,"2.4,3"
4,"1.9,3.4"
4.75,"1.85,3.2"
3.2,"2.4,3"
4.75,"1.8,3.3"
3.5,"2.2,3.1"
3.5,"2.2,3.1"
3,"2.5,3"
5.25,"1.7,3.5"
5.5,"1.66,3.5"
3,"2.37,3"
4.2,"1.95,3.2"
4.5,"1.95,3.1"
4,"2,3.2"
3.5,"2.15,3.2"
5,"1.8,3.2"
3.1,"2.4,3.1"
4,"1.95,3.3"
3.8,"2,3.3"
3.4,"2.3,3"
7.5,"1.5,3.75"
1.85,"1.85,3.4"
4,"1.95,3.3"
2.8,"2.55,2.8"
3.4,"2.15,3.3"
3.3,"2.25,3.2"
4.75,"1.75,3.5"
4.2,"2,3.1"
3.4,"2.2,3.2"
4.2,"1.95,3.2"
3.4,"2.25,3.1"
3.2,"2.25,3.2"
2.9,"2.5,2.9"
4,"1.95,3.3"
3.1,"2.45,3"
4.5,"1.8,3.5"
3.6,"2.15,3.1"
4.2,"1.85,3.5"
2.55,"2.55,2.8"
4.6,"1.75,3.6"
3.1,"2.45,3"
4.5,"1.9,3.1"
4.75,"1.8,3.4"
4.33,"1.95,3.1"
2.2,"2.2,3.2"
4,"2,3.2"
2.2,"2.2,3.2"
3.6,"2.1,3.25"
3.75,"2,3.3"
3,"2.45,3"
9,"1.4,4.2"
4.2,"1.9,3.25"
4,"1.9,3.5"
3.75,"2,3.4"
3.6,"2.05,3.3"
4,"1.9,3.4"
2.25,"2.25,3.2"
3.25,"2.25,3.2"
2.45,"2.45,2.87"
3.8,"2,3.3"
7.5,"1.5,3.8"
2.7,"2.7,2.7"
5.75,"1.65,3.6"
3,"2.4,3"
3.1,"2.45,3"
2.3,"2.3,3.1"
3.3,"2.35,3"
3.75,"2.15,3"
2.45,"2.45,3"
3.25,"2.37,3"
3.75,"2.15,3"
5.5,"1.66,3.5"
4.2,"1.9,3.3"
3.2,"2.4,3"
4.33,"1.9,3.2"
4,"2.05,3.1"
4.33,"1.83,3.5"
3.25,"2.3,3.1"
3.8,"2,3.3"
3.2,"2.3,3.1"
2.55,"2.55,2.87"
4.75,"1.8,3.4"
4,"1.95,3.3"
3.2,"2.25,3.2"
3,"2.37,3"
3,"2.45,3"
2.62,"2.62,2.87"
4,"1.9,3.4"
2.87,"2.45,2.87"
3.1,"2.45,3.1"
4.75,"1.83,3.2"
7.5,"1.44,4.2"
2.8,"2.7,2.8"
4.2,"2,3.1"
2.1,"2.1,3.1"
3.8,"2.15,3"
4.75,"1.83,3.2"
6,"1.55,3.9"
4.5,"1.83,3.4"
5,"1.75,3.4"
4,"2.05,3.1"
2.25,"2.25,3.1"
3.1,"2.4,3.1"
3.1,"2.4,3.1"
4.2,"2,3.1"
4,"2,3.2"
3.2,"2.45,3"
9,"1.33,4.75"
2.5,"2.5,3"
3.4,"2.25,3.1"
2.3,"2.3,3.1"
3.75,"2.1,3.1"
4,"1.85,3.6"
3.4,"2.25,3.2"
3.6,"2.2,3"
5.5,"1.7,3.4"
3.75,"2.1,3.1"
2.3,"2.3,3.1"
4.5,"1.8,3.5"
5.25,"1.75,3.25"
5.5,"1.7,3.4"
3.25,"2.25,3.2"
3.4,"2.3,3"
2.7,"2.7,2.8"
2.87,"2.5,2.87"
4.75,"1.8,3.3"
2.7,"2.6,2.7"
8,"1.44,4"
3.8,"2,3.3"
4.5,"1.85,3.3"
3.3,"2.2,3.3"
5.5,"1.72,3.3"
5.25,"1.75,3.25"
2.45,"2.45,2.9"
3.9,"2.1,3"
2.75,"2.75,2.8"
3.9,"2.1,3"
2.05,"2.05,3"
4.5,"1.85,3.3"
4.5,"1.95,3"
2.8,"2.7,2.8"
6.5,"1.5,4.33"
2.37,"2.37,3"
3.5,"2.3,2.9"
3.5,"2.2,3.1"
4.33,"1.9,3.2"
4.5,"2,2.9"
5,"1.83,3.1"
4.5,"1.72,3.75"
3.75,"2,3.3"
2.6,"2.6,2.8"
5.25,"1.66,3.6"
2.62,"2.62,2.87"
2.25,"2.25,3"
3.5,"2.25,3"
3.5,"2.25,3"
5,"1.85,3.1"
5.5,"1.7,3.4"
3.25,"2.4,2.9"
2.45,"2.45,3"
5.5,"1.66,3.5"
4,"1.9,3.4"
4.5,"1.85,3.3"
3.5,"2.2,3.1"
2.8,"2.6,2.8"
3.25,"2.37,3"
4.75,"1.8,3.3"
4.75,"1.8,3.3"
3.8,"2.05,3.2"
3,"2.5,3"
3,"2.45,3"
6.5,"1.57,3.6"
2.2,"2.2,3.1"
2.25,"2.25,3"
4.5,"1.8,3.5"
3.9,"2.05,3.1"
3.2,"2.37,3"
2.8,"2.7,2.8"
5.75,"1.7,3.3"
3.75,"2,3.3"
4.75,"1.7,3.75"
5.75,"1.65,3.5"
3.8,"2.1,3.1"
2.25,"2.25,3.2"
3.8,"2.1,3.1"
2.25,"2.25,3.2"
3.5,"2.1,3.3"
6.5,"1.5,4.33"
4.33,"1.95,3.1"
3,"2.4,3"
3.1,"2.37,3.1"
2.9,"2.5,2.9"
4.2,"1.9,3.3"
2.37,"2.37,3.1"
3.25,"2.2,3.25"
4,"1.95,3.3"
2.37,"2.37,3.1"
4.2,"1.9,3.3"
2.25,"2.25,3.2"
2.9,"2.5,2.9"
3.1,"2.37,3.1"
3.2,"2.45,3"
3.8,"2.1,3.1"
2.4,"2.4,2.9"
3.75,"2.15,3"
3.4,"2.15,3.3"
2.5,"2.5,2.8"
3.1,"2.3,3.1"
3.5,"2.1,3.25"
3.6,"2.15,3.1"
3.1,"2.4,3.1"
2,"2,3.5"
8.5,"1.45,3.8"
3,"2.55,2.9"
3.75,"2.05,3.25"
3.4,"2.25,3.1"
2.87,"2.62,2.87"
2.4,"2.4,2.8"
3.1,"2.3,3.1"
4.33,"1.85,3.4"
2.37,"2.37,3"
4,"2,3.1"
3.4,"2.15,3.25"
4.75,"1.75,3.5"
3.25,"2.45,2.9"
3.6,"2.2,3"
3.8,"2.05,3.2"
0,"0,0"
2.6,"2.6,2.87"
2.37,"2.37,3"
2.5,"2.5,2.8"
3.1,"2.3,3.1"
4,"1.9,3.5"
4,"2,3.2"
2.8,"2.5,2.8"
3.1,"2.37,3.1"
0,"0,0"
3.1,"2.3,3.1"
3,"2.45,3"
4.33,"1.9,3.25"
2.7,"2.7,2.7"
2.35,"2.35,3"
2.87,"2.6,2.87"
5.75,"1.6,3.8"
5.75,"1.6,3.8"
0,"0,0"
2.8,"2.65,2.8"
3,"2.45,3"
3,"2.5,3"
3.1,"2.5,2.9"
2.5,"2.5,3"
0,"0,0"
4.33,"1.85,3.4"
5.25,"1.72,3.4"
4.33,"1.9,3.3"
2.1,"2.1,3.3"
3.5,"2.25,3"
2.9,"2.5,2.9"
3.8,"2.05,3.2"
5.75,"1.66,3.4"
0,"0,0"
2.9,"2.5,2.9"
3.4,"2.3,3"
3.25,"2.37,3"
2.55,"2.55,2.87"
4.75,"1.75,3.5"
3,"2.45,3"
3.1,"2.3,3.1"
3.7,"2.15,3"
2.75,"2.7,2.75"
2.45,"2.45,2.8"
3.5,"2.25,3"
2.3,"2.3,3.1"
4.33,"1.85,3.4"
2.87,"2.6,2.87"
3.3,"2.2,3.25"
0,"0,0"
3.25,"2.2,3.25"
2.9,"2.45,2.9"
4.6,"1.83,3.3"
5,"1.72,3.5"
4.1,"2.3,2.6"
4.5,"1.75,3.7"
2.1,"2.1,3"
3.8,"2,3.3"
0,"0,0"
4,"1.85,3.6"
4.1,"1.75,4"
2.9,"2.7,2.87"
2,"2,3.2"
3.6,"2.15,3.1"
4.5,"1.85,3.3"
4,"2,3.2"
5.5,"1.66,3.5"
3.8,"2.1,3.1"
3.1,"2.37,3.1"
3.8,"2.1,3.1"
2.62,"2.62,2.87"
4.75,"1.8,3.4"
3,"2.6,2.9"
3.1,"2.45,3"
3.75,"2.3,2.75"
5.75,"1.61,3.25"
2.05,"2.05,3"
5,"1.7,3.3"
3.4,"2.15,2.9"
2.62,"2.62,2.75"
3.4,"2.3,3"
5,"1.85,3"
3.3,"2.45,2.8"
3.1,"2.55,2.9"
2.9,"2.62,2.9"
4.75,"1.9,3"
2.7,"2.7,2.87"
5.5,"1.7,3.3"
2.05,"2.05,3"
2.45,"2.45,2.9"
4.5,"1.9,3.1"
5,"1.8,3.25"
3.1,"2.6,2.8"
3.3,"2.5,2.75"
3.3,"2.45,2.8"
4.5,"1.95,3"
4.75,"1.85,3.2"
4.75,"1.83,3.25"
4,"2.1,2.9"
1.8,"1.8,3.1"
3.6,"2.15,3.1"
2.3,"2.3,2.9"
3,"2.6,2.9"
2.5,"2.5,2.8"
6,"1.55,3.8"
2.6,"2.6,2.9"
2.9,"2.75,2.8"
4.5,"1.95,3"
2.4,"2.4,2.9"
4,"2.1,2.9"
3,"2.5,3"
4.33,"1.95,3.1"
2.8,"2.8,2.8"
2.5,"2.5,2.8"
3.4,"2.3,3"
4,"2.15,2.87"
2.87,"2.75,2.8"
3.1,"2.55,2.87"
2.45,"2.45,2.8"
2.55,"2.55,2.9"
2.87,"2.62,2.87"
4.33,"1.95,3"
4,"2.05,3.1"
3.6,"2.2,3"
6,"1.53,4"
4,"2.1,3.1"
2.45,"2.45,3"
2.8,"2.75,2.8"
4,"2.05,3"
4.2,"2,3"
3.4,"2.3,3"
2.9,"2.62,2.9"
4,"2.05,3.1"
2.5,"2.5,3"
3.4,"2.3,3"
3,"2.7,2.8"
3.5,"2.3,2.9"
2.7,"2.7,2.87"
3.75,"2.25,2.75"
5,"1.85,3"
2.5,"2.5,2.9"
2.5,"2.5,3"
3.6,"2.2,3"
4.5,"1.85,3.4"
2.8,"2.8,2.8"
4.33,"2,3"
3.1,"2.55,2.9"
2.75,"2.75,2.8"
8.5,"1.5,3.6"
3.8,"2.25,2.8"
2.8,"2.8,2.8"
4.2,"1.95,3.1"
2.62,"2.62,2.9"
4.75,"2,2.8"
0,"0,0"
4.2,"2,3"
3.75,"2.1,2.9"
4,"2,2.9"
4,"1.95,2.9"
2.7,"2.7,2.7"
3.6,"2.45,2.6"
5.25,"1.75,3.25"
2.15,"2.15,3"
3.1,"2.45,2.9"
3.4,"2.5,2.62"
5,"1.95,2.75"
2,"2,2.9"
3.4,"2.25,3.1"
3,"2.6,2.87"
2.5,"2.5,2.87"
2.1,"2.1,2.9"
3.8,"2.15,3"
2.87,"2.75,2.87"
8,"1.44,4"
3,"2.75,2.75"
2.9,"2.62,2.9"
4.33,"2,3"
5.25,"1.75,3.3"
4,"2.1,2.9"
3.6,"2.2,3"
3.4,"2.25,3.1"
2.45,"2.45,2.8"
2.05,"2.05,2.9"
4.5,"1.95,3"
3.1,"2.6,2.8"
3.3,"2.25,3.2"
6.5,"1.6,3.5"
3.8,"2.3,2.75"
2.87,"2.8,2.87"
3.6,"2.15,3.1"
3.1,"2.55,2.87"
3.3,"2.25,3.2"
3,"2.7,2.75"
7,"1.55,3.6"
2.4,"2.4,2.87"
3.1,"2.37,2.87"
5.5,"1.6,3.6"
3.4,"2.2,3"
2.62,"2.62,2.62"
4.2,"1.9,3.1"
4.33,"1.9,3.25"
3,"2.37,3"
0,"0,0"
3.5,"2.3,2.9"
4.33,"2,3"
2.5,"2.5,2.9"
4,"2.05,3"
5.25,"1.75,3.3"
2.3,"2.3,3"
2.55,"2.55,2.87"
4.33,"2.05,3"
2.45,"2.45,2.9"
4,"2.1,2.9"
4,"2.05,3"
2.8,"2.75,2.8"
3.1,"2.55,2.87"
2.5,"2.5,2.9"
5,"1.75,3.4"
4.33,"1.9,3.2"
2.7,"2.7,2.87"
7.5,"1.55,3.6"
5.5,"1.72,3.3"
2.37,"2.37,2.9"
3,"2.55,2.9"
3.1,"2.45,2.9"
5,"1.83,3.1"
3.25,"2.45,2.8"
2,"2,3.1"
3.6,"2.25,2.87"
3.5,"2.25,3"
2.75,"2.75,2.8"
3,"2.62,2.87"
0,"0,0"
0,"0,0"
0,"0,0"
0,"0,0"
5.75,"1.66,3.4"
3.3,"2.35,2.9"
4.5,"2,2.9"
3.2,"2.4,3"
2.7,"2.7,2.8"
5,"1.75,3.4"
2.5,"2.5,2.8"
2.45,"2.45,2.87"
2.7,"2.7,2.8"
2.87,"2.8,2.87"
7,"1.53,3.75"
4.75,"1.85,3.1"
2.7,"2.55,2.7"
0,"0,0"
2.9,"2.75,2.87"
3.1,"2.5,2.9"
3.2,"2.62,2.7"
3.75,"2.1,3"
3.5,"2.2,2.9"
1.65,"1.65,3"
4.5,"1.95,3"
3.5,"2.2,3.1"
3.75,"2,3.25"
4.75,"1.85,3.1"
2.7,"2.62,2.7"
2.4,"2.4,2.9"
2.7,"2.7,2.7"
6.5,"1.61,3.4"
3.1,"2.37,3.1"
3.5,"2.15,3.1"
5,"1.66,3.75"
4.75,"1.8,3.4"
3.8,"2.15,2.9"
4.75,"1.85,3.2"
3,"2.45,3"
3.2,"2.4,3"
2.6,"2.6,2.8"
5.75,"1.72,3.3"
2.87,"2.62,2.87"
3.1,"2.5,2.9"
2.7,"2.7,2.8"
1.9,"1.9,3"
3,"2.62,2.8"
5,"1.83,3.1"
2.45,"2.45,3"
5.75,"1.7,3.3"
2.87,"2.75,2.87"
4.33,"2,3"
2.7,"2.7,2.8"
5.75,"1.61,3.5"
4.2,"1.95,2.9"
7.5,"1.45,4"
3,"2.55,3"
3.1,"2.4,2.8"
2.8,"2.75,2.8"
2.37,"2.37,2.87"
3.2,"2.5,2.8"
2.45,"2.45,2.87"
3.1,"2.4,3"
1.95,"1.95,2.9"
2.7,"2.7,2.8"
3.4,"2.3,3.1"
6.5,"1.57,3.6"
2.45,"2.45,3"
2.7,"2.7,2.87"
2.45,"2.45,2.9"
3.4,"2.4,2.8"
4.5,"1.95,3"
5.5,"1.66,3.5"
5,"1.8,3.2"
3.6,"2.3,2.87"
5.75,"1.7,3.3"
5.25,"1.75,3.2"
4.5,"1.85,3.3"
4,"2.15,2.87"
3.4,"2.3,3"
3.8,"2.25,2.75"
4.75,"1.8,3.4"
3.5,"2.3,2.9"
1.9,"1.9,3"
2.6,"2.6,2.9"
2.5,"2.5,2.9"
2.5,"2.5,2.9"
2.75,"2.75,2.75"
2.9,"2.7,2.87"
2.45,"2.45,2.8"
5.5,"1.8,3.2"
4.33,"2,3"
3.25,"2.4,2.9"
1.95,"1.95,2.9"
2.62,"2.62,2.62"
2.3,"2.3,3"
3.5,"2.2,3"
4.2,"2,3"
3,"2.62,2.75"
4.5,"1.8,3.5"
4.75,"1.95,2.87"
7,"1.6,3.4"
4.33,"1.95,3.1"
2.3,"2.3,2.87"
4.75,"2,2.87"
4.2,"2.15,2.75"
2.5,"2.5,2.9"
6.5,"1.5,4"
2.3,"2.3,2.8"
3.4,"2.3,3"
3.75,"2.2,2.9"
3.8,"2.15,2.9"
4.75,"1.83,3.2"
4,"2.1,2.9"
2.3,"2.3,3"
3.9,"2.25,2.7"
3.8,"2.05,3.1"
3.9,"2.1,3"
2.1,"2.1,3.1"
5.25,"1.85,3"
5.75,"1.61,3.6"
3,"2.62,2.87"
1.9,"1.9,3.1"
3,"2.55,2.9"
2.25,"2.25,3"
4,"2.1,3"
3.8,"2.3,2.62"
3.5,"2.25,3"
5.25,"1.75,3.3"
3.2,"2.45,2.8"
2.45,"2.45,2.9"
5.75,"1.57,3.75"
3.4,"2.3,2.9"
4.33,"2.05,2.9"
2.62,"2.62,2.8"
5.75,"1.61,3.6"
2.62,"2.62,2.87"
3.3,"2.5,2.87"
2.8,"2.8,2.8"
3.4,"2.3,2.9"
4.33,"2,3"
3.8,"2.2,2.9"
4,"1.95,3.3"
3.6,"2.2,3"
1.9,"1.9,3.1"
2.55,"2.55,2.8"
2.5,"2.5,2.9"
6.5,"1.65,3.3"
2.75,"2.75,2.8"
5.25,"1.8,3.1"
3.1,"2.5,2.9"
2.45,"2.45,2.9"
5.5,"1.75,3.1"
5.75,"1.66,3.4"
8.5,"1.36,4.33"
2.3,"2.3,2.75"
2.87,"2.75,2.87"
3.6,"2.2,3"
2.25,"2.25,3"
2.87,"2.62,2.87"
3.2,"2.45,2.9"
4.75,"2,2.8"
1.53,"1.53,3.8"
4.5,"1.85,3.2"
3.8,"2.1,3"
3,"2.62,2.8"
2.3,"2.3,3"
3.2,"2.4,3"
4.75,"1.85,3"
4.2,"2,3.1"
2.45,"2.45,3"
2.55,"2.55,2.75"
2.25,"2.25,2.9"
4.33,"1.8,3.1"
4,"2.05,3"
3.1,"2.5,2.9"
2.6,"2.6,2.75"
5.75,"1.65,3.5"
3.6,"2.1,2.9"
4,"1.9,3"
3.7,"2.2,2.9"
3.2,"2.25,3"
2.1,"2.1,3"
3.3,"2.2,3"
2.25,"2.25,3"
0,"0,0"
1.53,"1.53,3.8"
6,"1.61,3.5"
3,"2.5,3"
2.2,"2.2,3.1"
3.1,"2.45,3"
3.1,"2.4,3"
3.5,"2.4,2.75"
2.7,"2.7,2.75"
3.75,"2,3.1"
4.75,"1.83,3.2"
4.2,"1.95,3.2"
2.6,"2.6,2.75"
7,"1.53,3.75"
4,"2,3.1"
3.1,"2.5,2.9"
5,"1.8,3.2"
4.5,"2,2.9"
5.5,"1.7,3.4"
4.33,"1.85,3.4"
3.8,"2.15,3"
2.9,"2.75,2.8"
1.95,"1.95,3.3"
3.4,"2.3,3"
3.75,"2.15,3"
2.8,"2.75,2.8"
2.25,"2.25,3.2"
2.9,"2.7,2.87"
5.75,"1.7,3.3"
2.4,"2.4,3"
2.8,"2.62,2.8"
2.7,"2.7,2.7"
2.87,"2.75,2.75"
2.75,"2.75,2.8"
6,"1.5,4"
4.33,"1.95,3"
3.25,"2.3,3"
2.5,"2.5,2.9"
2.6,"2.6,2.75"
5,"1.83,3.2"
7,"1.57,3.5"
2.05,"2.05,2.9"
2.55,"2.55,2.9"
4,"2.1,3"
5,"1.75,3.3"
6,"1.61,3.5"
4.5,"1.9,3.1"
13,"1.3,4.75"
3.3,"2.5,2.7"
4.33,"2.1,2.8"
3.75,"2.1,3.1"
1.9,"1.9,3.4"
2.62,"2.62,2.8"
2.5,"2.5,2.75"
3.1,"2.45,3"
1.85,"1.85,3"
3.8,"2.15,2.9"
1.95,"1.95,3.25"
3.1,"2.6,2.8"
5,"1.8,3.1"
3.75,"2.05,3.1"
2.45,"2.45,2.8"
3.25,"2.4,2.87"
5.25,"1.8,3.1"
5.5,"1.7,3.4"
3.8,"2.1,3.1"
4.2,"1.95,3.1"
6.5,"1.55,3.7"
2.9,"2.7,2.87"
3.25,"2.37,2.9"
2.3,"2.3,2.8"
6,"1.65,3.1"
5.75,"1.6,3.4"
4.5,"2.05,2.8"
3.6,"2.37,2.75"
2.15,"2.15,3.2"
2.87,"2.75,2.87"
1.95,"1.95,3.2"
4,"2,2.75"
3.1,"2.25,2.9"
1.9,"1.9,2.8"
1.9,"1.9,2.75"
1.95,"1.95,2.9"
5,"1.66,3.25"
4.75,"1.7,3.4"
4.33,"1.85,3"
6.5,"1.5,3.9"
4.75,"1.83,3.1"
3.1,"2.37,3"
7,"1.45,3.5"
2,"2,3"
1.75,"1.75,3.4"
3.5,"2.1,3.1"
3.25,"2.1,3"
6.5,"1.53,3.6"
5.75,"1.57,3.5"
4.5,"1.72,3.4"
3.75,"2,3.2"
2.4,"2.4,2.9"
2.9,"2.45,2.9"
2.5,"2.5,3"
7,"1.4,4.5"
3.8,"2.1,3"
1.75,"1.75,3.5"
1.66,"1.66,3.5"
4,"1.9,3.3"
5.5,"1.57,4.1"
2.3,"2.3,3.1"
7,"1.44,4.33"
8.5,"1.33,5"
1.25,"1.25,6"
3.75,"2,3.4"
3.75,"2,3.4"
4.2,"1.85,3.5"
3.2,"2.25,3.2"
4,"2,3.2"
1.72,"1.72,3.4"
2.2,"2.2,3.2"
1.85,"1.85,3.75"
4.75,"1.8,3.5"
13,"1.2,7"
1.75,"1.75,3.8"
2.3,"2.3,3.1"
3.8,"2,3.4"
3.25,"2.3,3.2"
2.75,"2.6,2.75"
3.75,"2,3.5"
6,"1.53,4.2"
1.25,"1.25,5.75"
4.75,"1.7,3.75"
2.4,"2.4,3.1"
5.25,"1.55,4.5"
2.62,"2.62,2.87"
3.4,"2.25,3.2"
3.5,"2.1,3.4"
3.75,"2,3.4"
4.2,"1.85,3.6"
1.66,"1.66,4"
5.25,"1.6,4.2"
4.75,"1.7,3.8"
1.83,"1.83,3.6"
2.5,"2.5,2.9"
4.75,"1.72,3.75"
5,"1.75,3.6"
4,"2,3.3"
5,"1.66,4"
1.14,"1.14,8"
2.15,"2.15,3.4"
10,"1.25,6.5"
3.6,"2,3.6"
2.7,"2.55,2.7"
2.15,"2.15,3.3"
2.7,"2.6,2.7"
3.25,"2.25,3.25"
5.75,"1.65,3.75"
2.2,"2.2,3.3"
5.75,"1.53,4.5"
4.2,"1.85,3.6"
2.87,"2.55,2.87"
4.2,"1.95,3.25"
2.62,"2.62,2.62"
3.6,"2.1,3.3"
4.33,"1.8,3.75"
3.4,"2.15,3.3"
2.8,"2.45,2.8"
3.8,"1.9,3.6"
9,"1.3,5.75"
5.25,"1.66,3.6"
6.5,"1.53,4"
3.8,"1.9,3.6"
3.4,"2.05,3.4"
3.8,"1.95,3.6"
2.05,"2.05,3.25"
3.75,"1.95,3.6"
2.15,"2.15,3.3"
8.5,"1.4,4.5"
1.22,"1.22,7"
2.25,"2.25,3.3"
2.62,"2.62,2.8"
8.5,"1.33,5.25"
12,"1.18,8"
2.15,"2.15,3.4"
3.75,"2,3.5"
2.9,"2.55,2.9"
2.7,"2.7,2.75"
2,"2,3.5"
5,"1.72,3.75"
5,"1.72,3.5"
2.8,"2.4,2.8"
5.5,"1.55,4.5"
1.55,"1.55,4.5"
4.2,"1.95,3.3"
2.8,"2.4,2.8"
8,"1.36,5"
5,"1.75,3.5"
3,"2.45,3"
1.75,"1.75,4"
8,"1.33,5.5"
2.25,"2.25,3.3"
3.25,"2.15,3.25"
1.85,"1.85,3.6"
2.55,"2.55,2.8"
3.3,"2.3,3.2"
1.83,"1.83,3.6"
3.6,"2.05,3.4"
2.25,"2.25,3.1"
6.5,"1.5,4.33"
2.55,"2.55,2.8"
3.2,"2.2,3.2"
5.75,"1.55,4.2"
2.7,"2.5,2.7"
5.25,"1.6,4.2"
3.8,"2,3.5"
3.5,"2.15,3.3"
4.5,"1.8,3.6"
6,"1.44,5"
1.57,"1.57,4.5"
2.87,"2.37,2.87"
8.5,"1.33,5.25"
2.75,"2.6,2.75"
4.75,"1.66,4.2"
2.45,"2.45,2.87"
2.9,"2.55,2.9"
3,"2.3,3"
4,"1.95,3.5"
1.95,"1.95,3.6"
1.75,"1.75,3.9"
2.25,"2.25,2.87"
5.5,"1.6,4"
5,"1.72,3.75"
1.33,"1.33,5.75"
7.5,"1.4,4.75"
2.9,"2.4,2.9"
3,"2.37,3"
1.9,"1.9,3.6"
2.9,"2.5,2.9"
5.5,"1.53,4.5"
2.55,"2.55,2.6"
3.5,"2.1,3.4"
12,"1.22,6.5"
6.5,"1.5,4.33"
2.2,"2.2,3.1"
4.5,"1.9,3.25"
2.9,"2.37,2.9"
4,"2.05,3.2"
3.1,"2.37,3.1"
2.15,"2.15,3.25"
4.8,"1.75,3.5"
5.25,"1.66,3.8"
7.5,"1.4,4.75"
1.33,"1.33,5.5"
2.9,"2.4,2.9"
1.72,"1.72,4"
4.75,"1.65,4.2"
3.1,"2.45,3.1"
1.72,"1.72,4.2"
6,"1.53,4.33"
2.25,"2.25,3.25"
3.6,"2.05,3.4"
2.75,"2.6,2.75"
4.75,"1.7,3.8"
3,"2.37,3"
2.5,"2.5,2.8"
6.5,"1.45,5"
2.3,"2.3,3.25"
7,"1.44,4.75"
3.75,"2.05,3.4"
5.25,"1.57,4.33"
7.5,"1.44,4.5"
1.61,"1.61,4.33"
1.85,"1.85,3.75"
2.6,"2.6,2.8"
8,"1.4,4.75"
3.3,"2.1,3.3"
3.3,"2.4,3"
4.33,"1.85,3.6"
1.66,"1.66,4"
2.6,"2.6,2.7"
3.5,"2.05,3.5"
3.6,"2.15,3.2"
2.9,"2.3,2.9"
3.75,"2.05,3.4"
3,"2.45,3"
3.8,"1.95,3.6"
3.2,"2.2,3.2"
2.87,"2.5,2.87"
6.5,"1.44,5"
1.75,"1.75,3.8"
1.4,"1.4,5.25"
8,"1.36,5.25"
5.75,"1.66,3.6"
3.25,"2.2,3.25"
3.4,"2.2,3.3"
3.5,"2.1,3.5"
2.8,"2.6,2.8"
2.8,"2.5,2.8"
1.57,"1.57,4.33"
2.55,"2.55,2.75"
2.4,"2.4,2.87"
3.1,"2.45,3.1"
1.7,"1.7,4"
2.2,"2.2,3.3"
1.83,"1.83,3.6"
5,"1.7,3.75"
1.95,"1.95,3.5"
9.5,"1.22,7.5"
7,"1.4,5"
3.1,"2.37,3.1"
6.5,"1.45,4.5"
5,"1.8,3.5"
3.6,"2,3.5"
1.65,"1.65,4"
3.1,"2.3,3.1"
2.25,"2.25,3.1"
6,"1.53,4.2"
4.5,"1.75,4"
8,"1.36,5.25"
2.25,"2.25,3.3"
2.7,"2.5,2.7"
1.72,"1.72,3.75"
4.2,"2.05,3.1"
1.95,"1.95,3.6"
1.85,"1.85,3.8"
3.8,"2.15,3.1"
2,"2,3.5"
13,"1.22,6.5"
3.3,"2.15,3.3"
2.6,"2.6,2.75"
7,"1.5,4"
2.62,"2.62,2.7"
3.75,"1.95,3.6"
2.15,"2.15,3.3"
6,"1.55,4.2"
3.5,"2.05,3.5"
4.5,"1.75,3.75"
4,"2,3.3"
7,"1.5,4.2"
1.85,"1.85,3.6"
5.75,"1.55,4.33"
2.25,"2.25,3.1"
3.75,"1.9,3.75"
8,"1.4,4.75"
2.3,"2.3,3"
4,"1.9,3.4"
3.25,"2.25,3.25"
3.6,"2.15,3.25"
6.5,"1.45,4.75"
1.66,"1.66,4"
6.5,"1.53,4"
2.4,"2.4,2.9"
1.5,"1.5,4.33"
5.5,"1.7,3.6"
3.2,"2.3,3.2"
3.2,"2.37,3.2"
9.5,"1.36,4.5"
2.4,"2.4,3"
1.66,"1.66,4.2"
7.5,"1.5,4.2"
1.75,"1.75,3.8"
3.4,"2.2,3.3"
19,"1.14,8"
8,"1.44,4.33"
2.6,"2.6,2.9"
3.75,"2,3.3"
4,"1.9,3.5"
2.5,"2.5,3"
1.75,"1.75,3.75"
4.5,"1.8,3.75"
1.8,"1.8,3.8"
5,"1.66,3.6"
1.85,"1.85,3.8"
4.5,"1.85,3.2"
3.3,"2.25,3.3"
3.75,"2.1,3.1"
2.2,"2.2,3"
9.5,"1.4,4.5"
5.25,"1.7,3.5"
3.3,"2.3,3.2"
5.5,"1.66,3.75"
2.3,"2.3,3"
2.5,"2.5,2.9"
17,"1.14,8.5"
3.6,"2.3,2.9"
3.6,"2.3,2.9"
2.05,"2.05,3.4"
3,"2.55,3"
3.4,"2.05,3.4"
2.2,"2.2,3.3"
4.2,"1.9,3.5"
5.5,"1.65,3.8"
2.75,"2.75,2.8"
1.9,"1.9,3.75"
3.5,"2.2,3.2"
2.8,"2.45,2.8"
2.2,"2.2,3.3"
13,"1.28,5"
1.83,"1.83,3.6"
3.5,"2.15,3.3"
2.3,"2.3,3.1"
7,"1.5,4.2"
3.5,"2.1,3.4"
2.87,"2.55,2.87"
1.57,"1.57,4"
3.5,"2,3.5"
2.1,"2.1,3.4"
3.1,"2.45,3.1"
8,"1.4,4.75"
13,"1.18,7.5"
3.8,"2.15,3.1"
1.8,"1.8,3.5"
1.33,"1.33,5.5"
4.2,"1.9,3.5"
2.3,"2.3,3.2"
2.87,"2.6,2.87"
9,"1.33,5.25"
3.1,"2.3,3.1"
2.87,"2.5,2.87"
6.25,"1.5,4.5"
3.6,"2.1,3.5"
3.5,"2.2,3.3"
3.75,"2.05,3.4"
4.75,"1.75,3.75"
2.7,"2.7,2.8"
3.5,"2.25,3.1"
4.2,"1.95,3.4"
2.1,"2.1,3.3"
9.5,"1.28,6"
7.5,"1.36,5.5"
3.1,"2.3,3.1"
5,"1.75,3.5"
4.33,"1.83,3.5"
2.15,"2.15,3.1"
3.3,"2.3,3.25"
1.36,"1.36,5.5"
1.75,"1.75,4"
5,"1.75,3.6"
5.5,"1.61,4"
2.7,"2.55,2.7"
8.5,"1.33,5.5"
1.83,"1.83,3.8"
8.5,"1.3,6"
6.5,"1.45,4.75"
3.2,"2.3,3.2"
2.55,"2.55,2.87"
4.75,"1.75,3.75"
5.5,"1.61,4"
3.3,"2.25,3.3"
2.05,"2.05,3.3"
1.9,"1.9,3.75"
5.5,"1.65,3.8"
8,"1.33,5.5"
2.15,"2.15,3.25"
3.1,"2.3,3.1"
3.4,"2.25,3.2"
8,"1.4,4.75"
5,"1.72,3.6"
1.95,"1.95,3.6"
3,"2.25,3"
1.95,"1.95,3.6"
1.7,"1.7,3.8"
1.4,"1.4,5"
3.4,"2.1,3.4"
3.8,"1.9,3.8"
2.25,"2.25,3.3"
1.85,"1.85,3.8"
17,"1.16,7"
5.75,"1.57,4"
1.66,"1.66,4"
2.8,"2.4,2.8"
5.75,"1.44,5.25"
3.75,"1.9,3.75"
10,"1.25,6.5"
1.36,"1.36,5.5"
4.5,"1.72,4"
3.6,"2,3.6"
4.5,"1.72,4"
6.5,"1.45,4.75"
2.1,"2.1,3.4"
3.5,"2,3.5"
3.5,"1.9,3.5"
1.8,"1.8,4"
2,"2,3.3"
1.8,"1.8,3.75"
3.4,"2.15,3.4"
3.6,"2.05,3.6"
2.62,"2.6,2.62"
10,"1.2,8.5"
1.85,"1.85,3.75"
